http://dati.camera.it/ocd/persona.rdf/p15080,CICCHITTO,FABRIZIO
http://dati.camera.it/ocd/persona.rdf/p15080,CICCHITTO,FABRIZIO
http://dati.camera.it/ocd/persona.rdf/p300274,BIANCHI,DORINA
http://dati.camera.it/ocd/persona.rdf/p300274,BIANCHI,DORINA
http://dati.camera.it/ocd/persona.rdf/p300274,BIANCHI,DORINA
http://dati.camera.it/ocd/persona.rdf/p300231,SERENI,MARINA
http://dati.camera.it/ocd/persona.rdf/p300231,SERENI,MARINA
http://dati.camera.it/ocd/persona.rdf/p300231,SERENI,MARINA
http://dati.camera.it/ocd/persona.rdf/p300231,SERENI,MARINA
http://dati.camera.it/ocd/persona.rdf/p300127,LETTA,ENRICO
http://dati.camera.it/ocd/persona.rdf/p300239,D'ALIA,GIANPIERO
http://dati.camera.it/ocd/persona.rdf/p300410,BURTONE,GIOVANNI MARIO SALVINO
http://dati.camera.it/ocd/persona.rdf/p300026,BERSANI,PIER LUIGI
http://dati.camera.it/ocd/persona.rdf/p300237,CATANOSO GENOESE,FRANCESCO
http://dati.camera.it/ocd/persona.rdf/p300306,SANTELLI,JOLE
http://dati.camera.it/ocd/persona.rdf/p300304,REALACCI,ERMETE
http://dati.camera.it/ocd/persona.rdf/p300304,REALACCI,ERMETE
http://dati.camera.it/ocd/persona.rdf/p300293,MARIANI,RAFFAELLA
http://dati.camera.it/ocd/persona.rdf/p300296,MILANATO,LORENA
http://dati.camera.it/ocd/persona.rdf/p300296,MILANATO,LORENA
http://dati.camera.it/ocd/persona.rdf/p300296,MILANATO,LORENA
http://dati.camera.it/ocd/persona.rdf/p300246,FRANCESCHINI,DARIO
http://dati.camera.it/ocd/persona.rdf/p300392,TAGLIALATELA,MARCELLO
http://dati.camera.it/ocd/persona.rdf/p300392,TAGLIALATELA,MARCELLO
http://dati.camera.it/ocd/persona.rdf/p300392,TAGLIALATELA,MARCELLO
http://dati.camera.it/ocd/persona.rdf/p300398,CASERO,LUIGI
http://dati.camera.it/ocd/persona.rdf/p300319,CIRIELLI,EDMONDO
http://dati.camera.it/ocd/persona.rdf/p300319,CIRIELLI,EDMONDO
http://dati.camera.it/ocd/persona.rdf/p300319,CIRIELLI,EDMONDO
http://dati.camera.it/ocd/persona.rdf/p300319,CIRIELLI,EDMONDO
http://dati.camera.it/ocd/persona.rdf/p300369,ROMANO,FRANCESCO SAVERIO
http://dati.camera.it/ocd/persona.rdf/p300431,ALFANO,ANGELINO
http://dati.camera.it/ocd/persona.rdf/p300327,DI GIOIA,RAFFAELE
http://dati.camera.it/ocd/persona.rdf/p300327,DI GIOIA,RAFFAELE
http://dati.camera.it/ocd/persona.rdf/p300378,ALFANO,GIOACCHINO
http://dati.camera.it/ocd/persona.rdf/p300332,IANNUZZI,BARBATO
http://dati.camera.it/ocd/persona.rdf/p302274,TOTARO,ACHILLE
http://dati.camera.it/ocd/persona.rdf/p301559,VALENTINI,VALENTINO
http://dati.camera.it/ocd/persona.rdf/p301559,VALENTINI,VALENTINO
http://dati.camera.it/ocd/persona.rdf/p300558,RIGONI,ANDREA
http://dati.camera.it/ocd/persona.rdf/p300558,RIGONI,ANDREA
http://dati.camera.it/ocd/persona.rdf/p301492,MARTINELLI,MARCO
http://dati.camera.it/ocd/persona.rdf/p302278,VILLECCO,ROSA MARIA
http://dati.camera.it/ocd/persona.rdf/p302278,VILLECCO,ROSA MARIA
http://dati.camera.it/ocd/persona.rdf/p301496,BOCCI,GIANPIERO
http://dati.camera.it/ocd/persona.rdf/p301495,VELO,SILVIA
http://dati.camera.it/ocd/persona.rdf/p301495,VELO,SILVIA
http://dati.camera.it/ocd/persona.rdf/p301509,FEDI,MARCO
http://dati.camera.it/ocd/persona.rdf/p301478,CAPODICASA,ANGELO
http://dati.camera.it/ocd/persona.rdf/p301477,LO MONTE,CARMELO
http://dati.camera.it/ocd/persona.rdf/p302780,ROSSOMANDO,ANNA
http://dati.camera.it/ocd/persona.rdf/p302780,ROSSOMANDO,ANNA
http://dati.camera.it/ocd/persona.rdf/p302780,ROSSOMANDO,ANNA
http://dati.camera.it/ocd/persona.rdf/p302780,ROSSOMANDO,ANNA
http://dati.camera.it/ocd/persona.rdf/p302780,ROSSOMANDO,ANNA
http://dati.camera.it/ocd/persona.rdf/p300459,ROMELE,GIUSEPPE
http://dati.camera.it/ocd/persona.rdf/p301439,CESA,LORENZO
http://dati.camera.it/ocd/persona.rdf/p301439,CESA,LORENZO
http://dati.camera.it/ocd/persona.rdf/p302128,GOZI,SANDRO
http://dati.camera.it/ocd/persona.rdf/p302128,GOZI,SANDRO
http://dati.camera.it/ocd/persona.rdf/p302747,MOSCA,ALESSIA MARIA
http://dati.camera.it/ocd/persona.rdf/p302746,PELUFFO,VINICIO GIUSEPPE GUIDO
http://dati.camera.it/ocd/persona.rdf/p302746,PELUFFO,VINICIO GIUSEPPE GUIDO
http://dati.camera.it/ocd/persona.rdf/p302164,MIGLIORE,GENNARO
http://dati.camera.it/ocd/persona.rdf/p302164,MIGLIORE,GENNARO
http://dati.camera.it/ocd/persona.rdf/p302164,MIGLIORE,GENNARO
http://dati.camera.it/ocd/persona.rdf/p301515,NICCHI,MARISA
http://dati.camera.it/ocd/persona.rdf/p301515,NICCHI,MARISA
http://dati.camera.it/ocd/persona.rdf/p302748,ROCCELLA,EUGENIA MARIA
http://dati.camera.it/ocd/persona.rdf/p302748,ROCCELLA,EUGENIA MARIA
http://dati.camera.it/ocd/persona.rdf/p302124,BIANCOFIORE,MICHAELA
http://dati.camera.it/ocd/persona.rdf/p301551,FITTO,RAFFAELE
http://dati.camera.it/ocd/persona.rdf/p301550,BERNARDO,MAURIZIO
http://dati.camera.it/ocd/persona.rdf/p302058,DURANTI,DONATELLA
http://dati.camera.it/ocd/persona.rdf/p300453,PALMIERI,ANTONIO
http://dati.camera.it/ocd/persona.rdf/p302744,COLANINNO,MATTEO
http://dati.camera.it/ocd/persona.rdf/p301436,RAMPELLI,FABIO
http://dati.camera.it/ocd/persona.rdf/p301436,RAMPELLI,FABIO
http://dati.camera.it/ocd/persona.rdf/p301436,RAMPELLI,FABIO
http://dati.camera.it/ocd/persona.rdf/p301435,MAROTTA,ANTONIO
http://dati.camera.it/ocd/persona.rdf/p301435,MAROTTA,ANTONIO
http://dati.camera.it/ocd/persona.rdf/p301435,MAROTTA,ANTONIO
http://dati.camera.it/ocd/persona.rdf/p302059,CAPEZZONE,DANIELE
http://dati.camera.it/ocd/persona.rdf/p302059,CAPEZZONE,DANIELE
http://dati.camera.it/ocd/persona.rdf/p301438,PILI,MAURO
http://dati.camera.it/ocd/persona.rdf/p301438,PILI,MAURO
http://dati.camera.it/ocd/persona.rdf/p302282,BRUNO,FRANCESCO
http://dati.camera.it/ocd/persona.rdf/p302282,BRUNO,FRANCESCO
http://dati.camera.it/ocd/persona.rdf/p302282,BRUNO,FRANCESCO
http://dati.camera.it/ocd/persona.rdf/p301545,GAROFANI,FRANCESCO SAVERIO
http://dati.camera.it/ocd/persona.rdf/p301545,GAROFANI,FRANCESCO SAVERIO
http://dati.camera.it/ocd/persona.rdf/p301540,FIORIO,MASSIMO
http://dati.camera.it/ocd/persona.rdf/p301541,COSTA,ENRICO
http://dati.camera.it/ocd/persona.rdf/p301481,MARCHI,MAINO
http://dati.camera.it/ocd/persona.rdf/p301481,MARCHI,MAINO
http://dati.camera.it/ocd/persona.rdf/p301481,MARCHI,MAINO
http://dati.camera.it/ocd/persona.rdf/p301480,LENZI,DONATA
http://dati.camera.it/ocd/persona.rdf/p301480,LENZI,DONATA
http://dati.camera.it/ocd/persona.rdf/p301485,GHIZZONI,MANUELA
http://dati.camera.it/ocd/persona.rdf/p301548,FONTANA,CINZIA MARIA
http://dati.camera.it/ocd/persona.rdf/p301548,FONTANA,CINZIA MARIA
http://dati.camera.it/ocd/persona.rdf/p301548,FONTANA,CINZIA MARIA
http://dati.camera.it/ocd/persona.rdf/p301408,OLIVERIO,NICODEMO NAZZARENO
http://dati.camera.it/ocd/persona.rdf/p301489,FERRARA,FRANCESCO
http://dati.camera.it/ocd/persona.rdf/p301489,FERRARA,FRANCESCO
http://dati.camera.it/ocd/persona.rdf/p301409,META,MICHELE POMPEO
http://dati.camera.it/ocd/persona.rdf/p301409,META,MICHELE POMPEO
http://dati.camera.it/ocd/persona.rdf/p300541,FORMISANO,ANIELLO
http://dati.camera.it/ocd/persona.rdf/p300541,FORMISANO,ANIELLO
http://dati.camera.it/ocd/persona.rdf/p300541,FORMISANO,ANIELLO
http://dati.camera.it/ocd/persona.rdf/p301506,MERLO,RICARDO ANTONIO
http://dati.camera.it/ocd/persona.rdf/p302248,MONGIELLO,COLOMBA
http://dati.camera.it/ocd/persona.rdf/p302248,MONGIELLO,COLOMBA
http://dati.camera.it/ocd/persona.rdf/p301503,FARINA,GIOVANNI
http://dati.camera.it/ocd/persona.rdf/p301503,FARINA,GIOVANNI
http://dati.camera.it/ocd/persona.rdf/p301503,FARINA,GIOVANNI
http://dati.camera.it/ocd/persona.rdf/p301056,GIACOMELLI,ANTONELLO
http://dati.camera.it/ocd/persona.rdf/p302758,VIGNALI,RAFFAELLO
http://dati.camera.it/ocd/persona.rdf/p302758,VIGNALI,RAFFAELLO
http://dati.camera.it/ocd/persona.rdf/p301500,PICCHI,GUGLIELMO
http://dati.camera.it/ocd/persona.rdf/p301500,PICCHI,GUGLIELMO
http://dati.camera.it/ocd/persona.rdf/p302138,FARINA,DANIELE
http://dati.camera.it/ocd/persona.rdf/p302138,FARINA,DANIELE
http://dati.camera.it/ocd/persona.rdf/p302138,FARINA,DANIELE
http://dati.camera.it/ocd/persona.rdf/p302200,BOBBA,LUIGI
http://dati.camera.it/ocd/persona.rdf/p302200,BOBBA,LUIGI
http://dati.camera.it/ocd/persona.rdf/p302757,CORSARO,MASSIMO ENRICO
http://dati.camera.it/ocd/persona.rdf/p302757,CORSARO,MASSIMO ENRICO
http://dati.camera.it/ocd/persona.rdf/p302069,SCOTTO,ARTURO
http://dati.camera.it/ocd/persona.rdf/p300879,LEGNINI,GIOVANNI
http://dati.camera.it/ocd/persona.rdf/p302754,BRAGA,CHIARA
http://dati.camera.it/ocd/persona.rdf/p302754,BRAGA,CHIARA
http://dati.camera.it/ocd/persona.rdf/p302754,BRAGA,CHIARA
http://dati.camera.it/ocd/persona.rdf/p301449,GELMINI,MARIASTELLA
http://dati.camera.it/ocd/persona.rdf/p301449,GELMINI,MARIASTELLA
http://dati.camera.it/ocd/persona.rdf/p302751,FERRANTI,DONATELLA
http://dati.camera.it/ocd/persona.rdf/p302751,FERRANTI,DONATELLA
http://dati.camera.it/ocd/persona.rdf/p301578,NACCARATO,ALESSANDRO
http://dati.camera.it/ocd/persona.rdf/p301578,NACCARATO,ALESSANDRO
http://dati.camera.it/ocd/persona.rdf/p302255,PICCONE,FILIPPO
http://dati.camera.it/ocd/persona.rdf/p301576,DI SALVO,TERESA MARIA
http://dati.camera.it/ocd/persona.rdf/p301576,DI SALVO,TERESA MARIA
http://dati.camera.it/ocd/persona.rdf/p302190,BINETTI,PAOLA
http://dati.camera.it/ocd/persona.rdf/p302760,CARRA,MARCO
http://dati.camera.it/ocd/persona.rdf/p301452,FIANO,EMANUELE
http://dati.camera.it/ocd/persona.rdf/p302103,MELONI,GIORGIA
http://dati.camera.it/ocd/persona.rdf/p302103,MELONI,GIORGIA
http://dati.camera.it/ocd/persona.rdf/p302422,CUPERLO,GIOVANNI
http://dati.camera.it/ocd/persona.rdf/p300439,FONTANA,GREGORIO
http://dati.camera.it/ocd/persona.rdf/p300439,FONTANA,GREGORIO
http://dati.camera.it/ocd/persona.rdf/p300439,FONTANA,GREGORIO
http://dati.camera.it/ocd/persona.rdf/p300439,FONTANA,GREGORIO
http://dati.camera.it/ocd/persona.rdf/p300439,FONTANA,GREGORIO
http://dati.camera.it/ocd/persona.rdf/p300439,FONTANA,GREGORIO
http://dati.camera.it/ocd/persona.rdf/p300439,FONTANA,GREGORIO
http://dati.camera.it/ocd/persona.rdf/p300439,FONTANA,GREGORIO
http://dati.camera.it/ocd/persona.rdf/p301459,RAVETTO,LAURA
http://dati.camera.it/ocd/persona.rdf/p301459,RAVETTO,LAURA
http://dati.camera.it/ocd/persona.rdf/p301455,GRIMOLDI,PAOLO
http://dati.camera.it/ocd/persona.rdf/p302763,RONDINI,MARCO
http://dati.camera.it/ocd/persona.rdf/p302762,MOLTENI,NICOLA
http://dati.camera.it/ocd/persona.rdf/p302762,MOLTENI,NICOLA
http://dati.camera.it/ocd/persona.rdf/p302762,MOLTENI,NICOLA
http://dati.camera.it/ocd/persona.rdf/p301531,CARFAGNA,MARIA ROSARIA
http://dati.camera.it/ocd/persona.rdf/p301531,CARFAGNA,MARIA ROSARIA
http://dati.camera.it/ocd/persona.rdf/p301533,GIACOMONI,SESTINO
http://dati.camera.it/ocd/persona.rdf/p301532,DAMIANO,CESARE
http://dati.camera.it/ocd/persona.rdf/p301532,DAMIANO,CESARE
http://dati.camera.it/ocd/persona.rdf/p301573,CASTIELLO,GIUSEPPINA
http://dati.camera.it/ocd/persona.rdf/p302769,BIASOTTI,SANDRO MARIO
http://dati.camera.it/ocd/persona.rdf/p302769,BIASOTTI,SANDRO MARIO
http://dati.camera.it/ocd/persona.rdf/p302145,ALLASIA,STEFANO
http://dati.camera.it/ocd/persona.rdf/p301564,BELLANOVA,TERESA
http://dati.camera.it/ocd/persona.rdf/p302268,RUBINATO,SIMONETTA
http://dati.camera.it/ocd/persona.rdf/p302268,RUBINATO,SIMONETTA
http://dati.camera.it/ocd/persona.rdf/p302772,TULLO,MARIO
http://dati.camera.it/ocd/persona.rdf/p302160,PINI,GIANLUCA
http://dati.camera.it/ocd/persona.rdf/p302160,PINI,GIANLUCA
http://dati.camera.it/ocd/persona.rdf/p302773,LAFFRANCO,PIETRO
http://dati.camera.it/ocd/persona.rdf/p300674,ROSATO,ETTORE
http://dati.camera.it/ocd/persona.rdf/p301465,SANGA,GIOVANNI
http://dati.camera.it/ocd/persona.rdf/p301465,SANGA,GIOVANNI
http://dati.camera.it/ocd/persona.rdf/p301463,ORLANDO,ANDREA
http://dati.camera.it/ocd/persona.rdf/p301462,MISIANI,ANTONIO
http://dati.camera.it/ocd/persona.rdf/p300639,GARNERO SANTANCHE',DANIELA
http://dati.camera.it/ocd/persona.rdf/p300637,GENTILONI SILVERI,PAOLO
http://dati.camera.it/ocd/persona.rdf/p302117,PIZZOLANTE,SERGIO
http://dati.camera.it/ocd/persona.rdf/p300447,LUPI,MAURIZIO ENZO
http://dati.camera.it/ocd/persona.rdf/p301467,MARANTELLI,DANIELE
http://dati.camera.it/ocd/persona.rdf/p301467,MARANTELLI,DANIELE
http://dati.camera.it/ocd/persona.rdf/p300483,MARTELLA,ANDREA
http://dati.camera.it/ocd/persona.rdf/p300483,MARTELLA,ANDREA
http://dati.camera.it/ocd/persona.rdf/p302774,VERINI,WALTER
http://dati.camera.it/ocd/persona.rdf/p302774,VERINI,WALTER
http://dati.camera.it/ocd/persona.rdf/p302774,VERINI,WALTER
http://dati.camera.it/ocd/persona.rdf/p301561,BORDO,MICHELE
http://dati.camera.it/ocd/persona.rdf/p301561,BORDO,MICHELE
http://dati.camera.it/ocd/persona.rdf/p301561,BORDO,MICHELE
http://dati.camera.it/ocd/persona.rdf/p300442,LAINATI,GIORGIO
http://dati.camera.it/ocd/persona.rdf/p300442,LAINATI,GIORGIO
http://dati.camera.it/ocd/persona.rdf/p300480,GIACHETTI,ROBERTO
http://dati.camera.it/ocd/persona.rdf/p300480,GIACHETTI,ROBERTO
http://dati.camera.it/ocd/persona.rdf/p300480,GIACHETTI,ROBERTO
http://dati.camera.it/ocd/persona.rdf/p302779,BOCCUZZI,ANTONIO MICHELE
http://dati.camera.it/ocd/persona.rdf/p302089,BALDELLI,SIMONE
http://dati.camera.it/ocd/persona.rdf/p302089,BALDELLI,SIMONE
http://dati.camera.it/ocd/persona.rdf/p302089,BALDELLI,SIMONE
http://dati.camera.it/ocd/persona.rdf/p301562,GRASSI,GEROLAMO
http://dati.camera.it/ocd/persona.rdf/p301562,GRASSI,GEROLAMO
http://dati.camera.it/ocd/persona.rdf/p305505,VITELLI,PAOLO
http://dati.camera.it/ocd/persona.rdf/p305505,VITELLI,PAOLO
http://dati.camera.it/ocd/persona.rdf/p305501,BORGHESI,STEFANO
http://dati.camera.it/ocd/persona.rdf/p305503,INVERNIZZI,CRISTIAN
http://dati.camera.it/ocd/persona.rdf/p305508,BOMBASSEI,ALBERTO
http://dati.camera.it/ocd/persona.rdf/p305509,MONCHIERO,GIOVANNI
http://dati.camera.it/ocd/persona.rdf/p305509,MONCHIERO,GIOVANNI
http://dati.camera.it/ocd/persona.rdf/p305509,MONCHIERO,GIOVANNI
http://dati.camera.it/ocd/persona.rdf/p305514,SANTERINI,MILENA
http://dati.camera.it/ocd/persona.rdf/p305514,SANTERINI,MILENA
http://dati.camera.it/ocd/persona.rdf/p305511,GITTI,GREGORIO
http://dati.camera.it/ocd/persona.rdf/p305511,GITTI,GREGORIO
http://dati.camera.it/ocd/persona.rdf/p305511,GITTI,GREGORIO
http://dati.camera.it/ocd/persona.rdf/p305518,ALBERTI,FERDINANDO
http://dati.camera.it/ocd/persona.rdf/p305516,SBERNA,MARIO
http://dati.camera.it/ocd/persona.rdf/p302857,BARETTA,PIER PAOLO
http://dati.camera.it/ocd/persona.rdf/p302858,MURER,DELIA
http://dati.camera.it/ocd/persona.rdf/p302856,DE MICHELI,PAOLA
http://dati.camera.it/ocd/persona.rdf/p302856,DE MICHELI,PAOLA
http://dati.camera.it/ocd/persona.rdf/p302783,LORENZIN,BEATRICE
http://dati.camera.it/ocd/persona.rdf/p302782,PORTAS,GIACOMO ANTONIO
http://dati.camera.it/ocd/persona.rdf/p302782,PORTAS,GIACOMO ANTONIO
http://dati.camera.it/ocd/persona.rdf/p302850,ZAMPA,SANDRA
http://dati.camera.it/ocd/persona.rdf/p302850,ZAMPA,SANDRA
http://dati.camera.it/ocd/persona.rdf/p302891,LOSACCO,ALBERTO
http://dati.camera.it/ocd/persona.rdf/p302891,LOSACCO,ALBERTO
http://dati.camera.it/ocd/persona.rdf/p302892,BOCCIA,FRANCESCO
http://dati.camera.it/ocd/persona.rdf/p302892,BOCCIA,FRANCESCO
http://dati.camera.it/ocd/persona.rdf/p302854,BENAMATI,GIANLUCA
http://dati.camera.it/ocd/persona.rdf/p302812,BOSSA,LUISA
http://dati.camera.it/ocd/persona.rdf/p302812,BOSSA,LUISA
http://dati.camera.it/ocd/persona.rdf/p302812,BOSSA,LUISA
http://dati.camera.it/ocd/persona.rdf/p302852,BRATTI,ALESSANDRO
http://dati.camera.it/ocd/persona.rdf/p302852,BRATTI,ALESSANDRO
http://dati.camera.it/ocd/persona.rdf/p302811,VACCARO,GUGLIELMO
http://dati.camera.it/ocd/persona.rdf/p302811,VACCARO,GUGLIELMO
http://dati.camera.it/ocd/persona.rdf/p304961,D'ALESSANDRO,LUCA
http://dati.camera.it/ocd/persona.rdf/p304961,D'ALESSANDRO,LUCA
http://dati.camera.it/ocd/persona.rdf/p304961,D'ALESSANDRO,LUCA
http://dati.camera.it/ocd/persona.rdf/p302897,GINEFRA,DARIO
http://dati.camera.it/ocd/persona.rdf/p302897,GINEFRA,DARIO
http://dati.camera.it/ocd/persona.rdf/p302897,GINEFRA,DARIO
http://dati.camera.it/ocd/persona.rdf/p302786,DE GIROLAMO,NUNZIA
http://dati.camera.it/ocd/persona.rdf/p302786,DE GIROLAMO,NUNZIA
http://dati.camera.it/ocd/persona.rdf/p302809,PICIERNO,GIUSEPPINA
http://dati.camera.it/ocd/persona.rdf/p302809,PICIERNO,GIUSEPPINA
http://dati.camera.it/ocd/persona.rdf/p302787,PISO,VINCENZO
http://dati.camera.it/ocd/persona.rdf/p302899,GARAVINI,LAURA
http://dati.camera.it/ocd/persona.rdf/p302899,GARAVINI,LAURA
http://dati.camera.it/ocd/persona.rdf/p302971,SAMMARCO,GIANFRANCO
http://dati.camera.it/ocd/persona.rdf/p30350,PISICCHIO,GIUSEPPE
http://dati.camera.it/ocd/persona.rdf/p30350,PISICCHIO,GIUSEPPE
http://dati.camera.it/ocd/persona.rdf/p30350,PISICCHIO,GIUSEPPE
http://dati.camera.it/ocd/persona.rdf/p30350,PISICCHIO,GIUSEPPE
http://dati.camera.it/ocd/persona.rdf/p30350,PISICCHIO,GIUSEPPE
http://dati.camera.it/ocd/persona.rdf/p302789,MADIA,MARIA ANNA
http://dati.camera.it/ocd/persona.rdf/p303114,TANCREDI,PAOLO
http://dati.camera.it/ocd/persona.rdf/p303114,TANCREDI,PAOLO
http://dati.camera.it/ocd/persona.rdf/p302977,VELLA,PAOLO
http://dati.camera.it/ocd/persona.rdf/p302977,VELLA,PAOLO
http://dati.camera.it/ocd/persona.rdf/p302867,BERGAMINI,DEBORAH
http://dati.camera.it/ocd/persona.rdf/p302867,BERGAMINI,DEBORAH
http://dati.camera.it/ocd/persona.rdf/p302867,BERGAMINI,DEBORAH
http://dati.camera.it/ocd/persona.rdf/p302867,BERGAMINI,DEBORAH
http://dati.camera.it/ocd/persona.rdf/p302868,PARISI,MASSIMO
http://dati.camera.it/ocd/persona.rdf/p302868,PARISI,MASSIMO
http://dati.camera.it/ocd/persona.rdf/p302918,GENOVESE,FRANCANTONIO
http://dati.camera.it/ocd/persona.rdf/p302796,COSCIA,MARIA
http://dati.camera.it/ocd/persona.rdf/p302860,FONTANELLI,PAOLO
http://dati.camera.it/ocd/persona.rdf/p302860,FONTANELLI,PAOLO
http://dati.camera.it/ocd/persona.rdf/p302860,FONTANELLI,PAOLO
http://dati.camera.it/ocd/persona.rdf/p302860,FONTANELLI,PAOLO
http://dati.camera.it/ocd/persona.rdf/p302860,FONTANELLI,PAOLO
http://dati.camera.it/ocd/persona.rdf/p302860,FONTANELLI,PAOLO
http://dati.camera.it/ocd/persona.rdf/p302860,FONTANELLI,PAOLO
http://dati.camera.it/ocd/persona.rdf/p302917,BERRETTA,GIUSEPPE
http://dati.camera.it/ocd/persona.rdf/p302822,BRAGANTINI,MATTEO
http://dati.camera.it/ocd/persona.rdf/p302822,BRAGANTINI,MATTEO
http://dati.camera.it/ocd/persona.rdf/p302822,BRAGANTINI,MATTEO
http://dati.camera.it/ocd/persona.rdf/p302794,MORASSUT,ROBERTO
http://dati.camera.it/ocd/persona.rdf/p302794,MORASSUT,ROBERTO
http://dati.camera.it/ocd/persona.rdf/p302794,MORASSUT,ROBERTO
http://dati.camera.it/ocd/persona.rdf/p302862,GNECCHI,MARIALUISA
http://dati.camera.it/ocd/persona.rdf/p302863,SANI,LUCA
http://dati.camera.it/ocd/persona.rdf/p302863,SANI,LUCA
http://dati.camera.it/ocd/persona.rdf/p302914,SALTAMARTINI,BARBARA
http://dati.camera.it/ocd/persona.rdf/p302792,CARELLA,RENZO
http://dati.camera.it/ocd/persona.rdf/p302792,CARELLA,RENZO
http://dati.camera.it/ocd/persona.rdf/p302792,CARELLA,RENZO
http://dati.camera.it/ocd/persona.rdf/p302913,MINARDO,ANTONINO
http://dati.camera.it/ocd/persona.rdf/p302791,ARGENTIN,ILEANA
http://dati.camera.it/ocd/persona.rdf/p302790,GASBARRA,ENRICO
http://dati.camera.it/ocd/persona.rdf/p302790,GASBARRA,ENRICO
http://dati.camera.it/ocd/persona.rdf/p302922,D'INCECCO,VITTORIA
http://dati.camera.it/ocd/persona.rdf/p302922,D'INCECCO,VITTORIA
http://dati.camera.it/ocd/persona.rdf/p303057,DI STEFANO,FABRIZIO
http://dati.camera.it/ocd/persona.rdf/p303057,DI STEFANO,FABRIZIO
http://dati.camera.it/ocd/persona.rdf/p302962,NASTRI,GAETANO
http://dati.camera.it/ocd/persona.rdf/p302962,NASTRI,GAETANO
http://dati.camera.it/ocd/persona.rdf/p302817,BONAVITACOLA,FULVIO
http://dati.camera.it/ocd/persona.rdf/p302817,BONAVITACOLA,FULVIO
http://dati.camera.it/ocd/persona.rdf/p302920,CAUSI,MARCO
http://dati.camera.it/ocd/persona.rdf/p302920,CAUSI,MARCO
http://dati.camera.it/ocd/persona.rdf/p302961,MOTTOLA,GIOVANNI CARLO FRANCESCO
http://dati.camera.it/ocd/persona.rdf/p303108,SARRO,CARLO
http://dati.camera.it/ocd/persona.rdf/p303108,SARRO,CARLO
http://dati.camera.it/ocd/persona.rdf/p302921,GINOBLE,TOMMASO
http://dati.camera.it/ocd/persona.rdf/p303107,SANNA,FRANCESCO
http://dati.camera.it/ocd/persona.rdf/p302968,POLIDORI,CATIA
http://dati.camera.it/ocd/persona.rdf/p302968,POLIDORI,CATIA
http://dati.camera.it/ocd/persona.rdf/p302967,PETRENGA,GIOVANNA
http://dati.camera.it/ocd/persona.rdf/p302967,PETRENGA,GIOVANNA
http://dati.camera.it/ocd/persona.rdf/p302967,PETRENGA,GIOVANNA
http://dati.camera.it/ocd/persona.rdf/p302964,PAGANO,ALESSANDRO SARO ALFONSO
http://dati.camera.it/ocd/persona.rdf/p302964,PAGANO,ALESSANDRO SARO ALFONSO
http://dati.camera.it/ocd/persona.rdf/p302964,PAGANO,ALESSANDRO SARO ALFONSO
http://dati.camera.it/ocd/persona.rdf/p302964,PAGANO,ALESSANDRO SARO ALFONSO
http://dati.camera.it/ocd/persona.rdf/p302964,PAGANO,ALESSANDRO SARO ALFONSO
http://dati.camera.it/ocd/persona.rdf/p302964,PAGANO,ALESSANDRO SARO ALFONSO
http://dati.camera.it/ocd/persona.rdf/p302838,BRAMBILLA,MICHELA VITTORIA
http://dati.camera.it/ocd/persona.rdf/p302838,BRAMBILLA,MICHELA VITTORIA
http://dati.camera.it/ocd/persona.rdf/p302833,SBROLLINI,DANIELA
http://dati.camera.it/ocd/persona.rdf/p302834,BUONANNO,GIANLUCA
http://dati.camera.it/ocd/persona.rdf/p302831,MOGHERINI,FEDERICA
http://dati.camera.it/ocd/persona.rdf/p302832,DAL MORO,GIAN PIETRO
http://dati.camera.it/ocd/persona.rdf/p302830,MIOTTO,ANNA MARGHERITA
http://dati.camera.it/ocd/persona.rdf/p302830,MIOTTO,ANNA MARGHERITA
http://dati.camera.it/ocd/persona.rdf/p302830,MIOTTO,ANNA MARGHERITA
http://dati.camera.it/ocd/persona.rdf/p303200,CALABRIA,ANNAGRAZIA
http://dati.camera.it/ocd/persona.rdf/p303200,CALABRIA,ANNAGRAZIA
http://dati.camera.it/ocd/persona.rdf/p302870,BIANCONI,MAURIZIO
http://dati.camera.it/ocd/persona.rdf/p302870,BIANCONI,MAURIZIO
http://dati.camera.it/ocd/persona.rdf/p302870,BIANCONI,MAURIZIO
http://dati.camera.it/ocd/persona.rdf/p302875,BRUNETTA,RENATO
http://dati.camera.it/ocd/persona.rdf/p302875,BRUNETTA,RENATO
http://dati.camera.it/ocd/persona.rdf/p302875,BRUNETTA,RENATO
http://dati.camera.it/ocd/persona.rdf/p305005,CATANIA,MARIO
http://dati.camera.it/ocd/persona.rdf/p305005,CATANIA,MARIO
http://dati.camera.it/ocd/persona.rdf/p305005,CATANIA,MARIO
http://dati.camera.it/ocd/persona.rdf/p302955,FUCCI,BENEDETTO FRANCESCO
http://dati.camera.it/ocd/persona.rdf/p302956,GAROFALO,VINCENZO
http://dati.camera.it/ocd/persona.rdf/p302956,GAROFALO,VINCENZO
http://dati.camera.it/ocd/persona.rdf/p302957,GIAMMANCO,GABRIELLA
http://dati.camera.it/ocd/persona.rdf/p302957,GIAMMANCO,GABRIELLA
http://dati.camera.it/ocd/persona.rdf/p302871,FAENZI,MONICA
http://dati.camera.it/ocd/persona.rdf/p302871,FAENZI,MONICA
http://dati.camera.it/ocd/persona.rdf/p302873,AGOSTINI,LUCIANO
http://dati.camera.it/ocd/persona.rdf/p303065,GALPERTI,GUIDO
http://dati.camera.it/ocd/persona.rdf/p302950,CENTEMERO,ELENA
http://dati.camera.it/ocd/persona.rdf/p302950,CENTEMERO,ELENA
http://dati.camera.it/ocd/persona.rdf/p302845,MARROCU,SIRO
http://dati.camera.it/ocd/persona.rdf/p302845,MARROCU,SIRO
http://dati.camera.it/ocd/persona.rdf/p302881,CARDINALE,DANIELA
http://dati.camera.it/ocd/persona.rdf/p302840,PES,CATERINA
http://dati.camera.it/ocd/persona.rdf/p302840,PES,CATERINA
http://dati.camera.it/ocd/persona.rdf/p302840,PES,CATERINA
http://dati.camera.it/ocd/persona.rdf/p302882,SAVINO,ELVIRA
http://dati.camera.it/ocd/persona.rdf/p303024,ANTEZZA,MARIA
http://dati.camera.it/ocd/persona.rdf/p303024,ANTEZZA,MARIA
http://dati.camera.it/ocd/persona.rdf/p302880,MARTINO,PIERDOMENICO
http://dati.camera.it/ocd/persona.rdf/p303029,BLAZINA,TAMARA
http://dati.camera.it/ocd/persona.rdf/p303029,BLAZINA,TAMARA
http://dati.camera.it/ocd/persona.rdf/p305008,BALDUZZI,RENATO
http://dati.camera.it/ocd/persona.rdf/p305008,BALDUZZI,RENATO
http://dati.camera.it/ocd/persona.rdf/p305008,BALDUZZI,RENATO
http://dati.camera.it/ocd/persona.rdf/p303028,BIONDELLI,FRANCA MARIA GRAZIA
http://dati.camera.it/ocd/persona.rdf/p302983,FEDRIGA,MASSIMILIANO
http://dati.camera.it/ocd/persona.rdf/p302942,ANGELUCCI,ANTONIO
http://dati.camera.it/ocd/persona.rdf/p302943,CENNI,SUSANNA
http://dati.camera.it/ocd/persona.rdf/p302943,CENNI,SUSANNA
http://dati.camera.it/ocd/persona.rdf/p302889,MISURACA,SALVATORE
http://dati.camera.it/ocd/persona.rdf/p302889,MISURACA,SALVATORE
http://dati.camera.it/ocd/persona.rdf/p302940,ABRIGNANI,IGNAZIO
http://dati.camera.it/ocd/persona.rdf/p302940,ABRIGNANI,IGNAZIO
http://dati.camera.it/ocd/persona.rdf/p302940,ABRIGNANI,IGNAZIO
http://dati.camera.it/ocd/persona.rdf/p302887,CERA,ANGELO
http://dati.camera.it/ocd/persona.rdf/p302886,SISTO,FRANCESCO PAOLO
http://dati.camera.it/ocd/persona.rdf/p302886,SISTO,FRANCESCO PAOLO
http://dati.camera.it/ocd/persona.rdf/p302902,PORTA,FABIO
http://dati.camera.it/ocd/persona.rdf/p303074,LONGO,PIERO
http://dati.camera.it/ocd/persona.rdf/p303032,CALABRO',RAFFAELE
http://dati.camera.it/ocd/persona.rdf/p302883,DISTASO,ANTONIO
http://dati.camera.it/ocd/persona.rdf/p302883,DISTASO,ANTONIO
http://dati.camera.it/ocd/persona.rdf/p303072,LATRONICO,COSIMO
http://dati.camera.it/ocd/persona.rdf/p303072,LATRONICO,COSIMO
http://dati.camera.it/ocd/persona.rdf/p305525,CASTELLI,LAURA
http://dati.camera.it/ocd/persona.rdf/p305525,CASTELLI,LAURA
http://dati.camera.it/ocd/persona.rdf/p305701,GIULIETTI,GIAMPIERO
http://dati.camera.it/ocd/persona.rdf/p305701,GIULIETTI,GIAMPIERO
http://dati.camera.it/ocd/persona.rdf/p305701,GIULIETTI,GIAMPIERO
http://dati.camera.it/ocd/persona.rdf/p305701,GIULIETTI,GIAMPIERO
http://dati.camera.it/ocd/persona.rdf/p305528,CATALANO,IVAN
http://dati.camera.it/ocd/persona.rdf/p305584,OTTOBRE,MAURO
http://dati.camera.it/ocd/persona.rdf/p305688,RIZZETTO,WALTER
http://dati.camera.it/ocd/persona.rdf/p305586,SCHULLIAN,MANFRED
http://dati.camera.it/ocd/persona.rdf/p305586,SCHULLIAN,MANFRED
http://dati.camera.it/ocd/persona.rdf/p305586,SCHULLIAN,MANFRED
http://dati.camera.it/ocd/persona.rdf/p305520,COMINARDI,CLAUDIO
http://dati.camera.it/ocd/persona.rdf/p305520,COMINARDI,CLAUDIO
http://dati.camera.it/ocd/persona.rdf/p305580,GEBHARD,RENATE
http://dati.camera.it/ocd/persona.rdf/p305580,GEBHARD,RENATE
http://dati.camera.it/ocd/persona.rdf/p305522,BASILIO,TATIANA
http://dati.camera.it/ocd/persona.rdf/p305582,ALFREIDER,DANIEL
http://dati.camera.it/ocd/persona.rdf/p305582,ALFREIDER,DANIEL
http://dati.camera.it/ocd/persona.rdf/p305630,BUSIN,FILIPPO
http://dati.camera.it/ocd/persona.rdf/p305630,BUSIN,FILIPPO
http://dati.camera.it/ocd/persona.rdf/p305690,PRODANI,ARIS
http://dati.camera.it/ocd/persona.rdf/p305632,CAON,ROBERTO
http://dati.camera.it/ocd/persona.rdf/p305694,CIPRINI,TIZIANA
http://dati.camera.it/ocd/persona.rdf/p305694,CIPRINI,TIZIANA
http://dati.camera.it/ocd/persona.rdf/p305578,PLANGGER,ALBRECHT
http://dati.camera.it/ocd/persona.rdf/p305578,PLANGGER,ALBRECHT
http://dati.camera.it/ocd/persona.rdf/p305742,MAESTRI,PATRIZIA
http://dati.camera.it/ocd/persona.rdf/p305638,GINATO,FEDERICO
http://dati.camera.it/ocd/persona.rdf/p305743,BERNINI,MASSIMILIANO
http://dati.camera.it/ocd/persona.rdf/p305702,INCERTI,ANTONELLA
http://dati.camera.it/ocd/persona.rdf/p305708,RICHETTI,MATTEO
http://dati.camera.it/ocd/persona.rdf/p305746,IANNUZZI,CRISTIAN
http://dati.camera.it/ocd/persona.rdf/p305634,ZOGGIA,DAVIDE
http://dati.camera.it/ocd/persona.rdf/p305634,ZOGGIA,DAVIDE
http://dati.camera.it/ocd/persona.rdf/p305634,ZOGGIA,DAVIDE
http://dati.camera.it/ocd/persona.rdf/p305706,GALLI,CARLO
http://dati.camera.it/ocd/persona.rdf/p305748,FRUSONE,LUCA
http://dati.camera.it/ocd/persona.rdf/p305748,FRUSONE,LUCA
http://dati.camera.it/ocd/persona.rdf/p305748,FRUSONE,LUCA
http://dati.camera.it/ocd/persona.rdf/p305636,MORETTI,ALESSANDRA
http://dati.camera.it/ocd/persona.rdf/p305636,MORETTI,ALESSANDRA
http://dati.camera.it/ocd/persona.rdf/p305539,CARNEVALI,ELENA
http://dati.camera.it/ocd/persona.rdf/p305538,BECHIS,ELEONORA
http://dati.camera.it/ocd/persona.rdf/p305712,MANTERO,MATTEO
http://dati.camera.it/ocd/persona.rdf/p305575,AIRAUDO,GIORGIO
http://dati.camera.it/ocd/persona.rdf/p305530,PETRAROLI,COSIMO
http://dati.camera.it/ocd/persona.rdf/p305673,MALISANI,GIANNA
http://dati.camera.it/ocd/persona.rdf/p305573,MATTIELLO,DAVIDE
http://dati.camera.it/ocd/persona.rdf/p305573,MATTIELLO,DAVIDE
http://dati.camera.it/ocd/persona.rdf/p305674,D'INCA',FEDERICO
http://dati.camera.it/ocd/persona.rdf/p305674,D'INCA',FEDERICO
http://dati.camera.it/ocd/persona.rdf/p305609,BRUGNEROTTO,MARCO
http://dati.camera.it/ocd/persona.rdf/p305571,D'OTTAVIO,UMBERTO
http://dati.camera.it/ocd/persona.rdf/p305571,D'OTTAVIO,UMBERTO
http://dati.camera.it/ocd/persona.rdf/p305532,DELL'ARINGA,CARLO
http://dati.camera.it/ocd/persona.rdf/p305678,COZZOLINO,EMANUELE
http://dati.camera.it/ocd/persona.rdf/p305644,CRIVELLARI,DIEGO
http://dati.camera.it/ocd/persona.rdf/p305644,CRIVELLARI,DIEGO
http://dati.camera.it/ocd/persona.rdf/p305680,BRANDOLIN,GIORGIO
http://dati.camera.it/ocd/persona.rdf/p305680,BRANDOLIN,GIORGIO
http://dati.camera.it/ocd/persona.rdf/p305604,BENEDETTI,SILVIA
http://dati.camera.it/ocd/persona.rdf/p305642,NARDUOLO,GIULIA
http://dati.camera.it/ocd/persona.rdf/p305569,FREGOLENT,SILVIA
http://dati.camera.it/ocd/persona.rdf/p305602,BUSINAROLO,FRANCESCA
http://dati.camera.it/ocd/persona.rdf/p305602,BUSINAROLO,FRANCESCA
http://dati.camera.it/ocd/persona.rdf/p305640,ZARDINI,DIEGO
http://dati.camera.it/ocd/persona.rdf/p305684,SAVINO,SANDRA
http://dati.camera.it/ocd/persona.rdf/p305567,GIORGIS,ANDREA
http://dati.camera.it/ocd/persona.rdf/p305567,GIORGIS,ANDREA
http://dati.camera.it/ocd/persona.rdf/p305567,GIORGIS,ANDREA
http://dati.camera.it/ocd/persona.rdf/p305600,TONINELLI,DANILO
http://dati.camera.it/ocd/persona.rdf/p305600,TONINELLI,DANILO
http://dati.camera.it/ocd/persona.rdf/p305753,VENITTELLI,LAURA
http://dati.camera.it/ocd/persona.rdf/p305753,VENITTELLI,LAURA
http://dati.camera.it/ocd/persona.rdf/p305753,VENITTELLI,LAURA
http://dati.camera.it/ocd/persona.rdf/p305753,VENITTELLI,LAURA
http://dati.camera.it/ocd/persona.rdf/p305565,PATRIARCA,EDOARDO
http://dati.camera.it/ocd/persona.rdf/p305751,LEVA,DANILO
http://dati.camera.it/ocd/persona.rdf/p305751,LEVA,DANILO
http://dati.camera.it/ocd/persona.rdf/p305751,LEVA,DANILO
http://dati.camera.it/ocd/persona.rdf/p305751,LEVA,DANILO
http://dati.camera.it/ocd/persona.rdf/p305715,BATTELLI,SERGIO
http://dati.camera.it/ocd/persona.rdf/p305757,BOLDRINI,LAURA
http://dati.camera.it/ocd/persona.rdf/p305757,BOLDRINI,LAURA
http://dati.camera.it/ocd/persona.rdf/p305757,BOLDRINI,LAURA
http://dati.camera.it/ocd/persona.rdf/p305717,VALENTE,SIMONE
http://dati.camera.it/ocd/persona.rdf/p305648,CRIMI',FILIPPO
http://dati.camera.it/ocd/persona.rdf/p305719,GIACOBBE,ANNA
http://dati.camera.it/ocd/persona.rdf/p305646,D'ARIENZO,VINCENZO
http://dati.camera.it/ocd/persona.rdf/p305727,MELONI,MARCO
http://dati.camera.it/ocd/persona.rdf/p305729,CAROCCI,MARA
http://dati.camera.it/ocd/persona.rdf/p305618,CAPUA,ILARIA
http://dati.camera.it/ocd/persona.rdf/p305563,BONOMO,FRANCESCA
http://dati.camera.it/ocd/persona.rdf/p305563,BONOMO,FRANCESCA
http://dati.camera.it/ocd/persona.rdf/p305563,BONOMO,FRANCESCA
http://dati.camera.it/ocd/persona.rdf/p305650,ROTTA,ALESSIA
http://dati.camera.it/ocd/persona.rdf/p305610,ALLI,PAOLO
http://dati.camera.it/ocd/persona.rdf/p305610,ALLI,PAOLO
http://dati.camera.it/ocd/persona.rdf/p305610,ALLI,PAOLO
http://dati.camera.it/ocd/persona.rdf/p305610,ALLI,PAOLO
http://dati.camera.it/ocd/persona.rdf/p305553,GADDA,MARIA CHIARA
http://dati.camera.it/ocd/persona.rdf/p305652,MOGNATO,MICHELE
http://dati.camera.it/ocd/persona.rdf/p305652,MOGNATO,MICHELE
http://dati.camera.it/ocd/persona.rdf/p305612,FANTINATI,MATTIA
http://dati.camera.it/ocd/persona.rdf/p305612,FANTINATI,MATTIA
http://dati.camera.it/ocd/persona.rdf/p305555,BERLINGHIERI,MARINA
http://dati.camera.it/ocd/persona.rdf/p305555,BERLINGHIERI,MARINA
http://dati.camera.it/ocd/persona.rdf/p305555,BERLINGHIERI,MARINA
http://dati.camera.it/ocd/persona.rdf/p305767,BIANCHI,MARIASTELLA
http://dati.camera.it/ocd/persona.rdf/p305614,TURCO,TANCREDI
http://dati.camera.it/ocd/persona.rdf/p305614,TURCO,TANCREDI
http://dati.camera.it/ocd/persona.rdf/p305614,TURCO,TANCREDI
http://dati.camera.it/ocd/persona.rdf/p305614,TURCO,TANCREDI
http://dati.camera.it/ocd/persona.rdf/p305557,GUERINI,GIUSEPPE
http://dati.camera.it/ocd/persona.rdf/p305656,DE MENECH,ROGER
http://dati.camera.it/ocd/persona.rdf/p305656,DE MENECH,ROGER
http://dati.camera.it/ocd/persona.rdf/p305559,FRAGOMELI,GIAN MARIO
http://dati.camera.it/ocd/persona.rdf/p305616,FERRARI,ALAN
http://dati.camera.it/ocd/persona.rdf/p305616,FERRARI,ALAN
http://dati.camera.it/ocd/persona.rdf/p305658,PASTORELLI,ORESTE
http://dati.camera.it/ocd/persona.rdf/p305723,MAZZOLI,ALESSANDRO
http://dati.camera.it/ocd/persona.rdf/p305723,MAZZOLI,ALESSANDRO
http://dati.camera.it/ocd/persona.rdf/p305765,MARCHETTI,MARCO
http://dati.camera.it/ocd/persona.rdf/p305761,POLVERINI,RENATA
http://dati.camera.it/ocd/persona.rdf/p305721,BASSO,LORENZO
http://dati.camera.it/ocd/persona.rdf/p305595,FRACCARO,RICCARDO
http://dati.camera.it/ocd/persona.rdf/p305595,FRACCARO,RICCARDO
http://dati.camera.it/ocd/persona.rdf/p305595,FRACCARO,RICCARDO
http://dati.camera.it/ocd/persona.rdf/p305592,MAZZIOTTI DI CELSO,ANDREA
http://dati.camera.it/ocd/persona.rdf/p305592,MAZZIOTTI DI CELSO,ANDREA
http://dati.camera.it/ocd/persona.rdf/p305592,MAZZIOTTI DI CELSO,ANDREA
http://dati.camera.it/ocd/persona.rdf/p305598,ZOLEZZI,ALBERTO
http://dati.camera.it/ocd/persona.rdf/p305739,FAUTTILLI,FEDERICO
http://dati.camera.it/ocd/persona.rdf/p305739,FAUTTILLI,FEDERICO
http://dati.camera.it/ocd/persona.rdf/p305597,DELLAI,LORENZO
http://dati.camera.it/ocd/persona.rdf/p305597,DELLAI,LORENZO
http://dati.camera.it/ocd/persona.rdf/p305590,NICOLETTI,MICHELE
http://dati.camera.it/ocd/persona.rdf/p305590,NICOLETTI,MICHELE
http://dati.camera.it/ocd/persona.rdf/p305698,DE MARIA,ANDREA
http://dati.camera.it/ocd/persona.rdf/p305664,PRATAVIERA,EMANUELE
http://dati.camera.it/ocd/persona.rdf/p305664,PRATAVIERA,EMANUELE
http://dati.camera.it/ocd/persona.rdf/p305624,GUERINI,LORENZO
http://dati.camera.it/ocd/persona.rdf/p305624,GUERINI,LORENZO
http://dati.camera.it/ocd/persona.rdf/p305543,PREZIOSI,ERNESTO
http://dati.camera.it/ocd/persona.rdf/p305662,MARCOLIN,MARCO
http://dati.camera.it/ocd/persona.rdf/p305541,DELLA VALLE,IVAN
http://dati.camera.it/ocd/persona.rdf/p305541,DELLA VALLE,IVAN
http://dati.camera.it/ocd/persona.rdf/p305668,SPESSOTTO,ARIANNA
http://dati.camera.it/ocd/persona.rdf/p305668,SPESSOTTO,ARIANNA
http://dati.camera.it/ocd/persona.rdf/p305628,MARTELLI,GIOVANNA
http://dati.camera.it/ocd/persona.rdf/p305628,MARTELLI,GIOVANNA
http://dati.camera.it/ocd/persona.rdf/p305547,BAZOLI,ALFREDO
http://dati.camera.it/ocd/persona.rdf/p305626,SCUVERA,CHIARA
http://dati.camera.it/ocd/persona.rdf/p305626,SCUVERA,CHIARA
http://dati.camera.it/ocd/persona.rdf/p305626,SCUVERA,CHIARA
http://dati.camera.it/ocd/persona.rdf/p305545,BRAGANTINI,PAOLA
http://dati.camera.it/ocd/persona.rdf/p305545,BRAGANTINI,PAOLA
http://dati.camera.it/ocd/persona.rdf/p305737,OLIARO,ROBERTA
http://dati.camera.it/ocd/persona.rdf/p305735,VAZIO,FRANCO
http://dati.camera.it/ocd/persona.rdf/p305735,VAZIO,FRANCO
http://dati.camera.it/ocd/persona.rdf/p305735,VAZIO,FRANCO
http://dati.camera.it/ocd/persona.rdf/p305549,BONAFE',SIMONA
http://dati.camera.it/ocd/persona.rdf/p305773,DAGA,FEDERICA
http://dati.camera.it/ocd/persona.rdf/p305732,TERROSI,ALESSANDRA
http://dati.camera.it/ocd/persona.rdf/p305733,PASTORINO,LUCA
http://dati.camera.it/ocd/persona.rdf/p305620,QUINTARELLI,GIUSEPPE STEFANO
http://dati.camera.it/ocd/persona.rdf/p305620,QUINTARELLI,GIUSEPPE STEFANO
http://dati.camera.it/ocd/persona.rdf/p305524,SORIAL,GIRGIS
http://dati.camera.it/ocd/persona.rdf/p305524,SORIAL,GIRGIS
http://dati.camera.it/ocd/persona.rdf/p305686,GIGLI,GIAN LUIGI
http://dati.camera.it/ocd/persona.rdf/p305692,GALGANO,ADRIANA EDEN SUSANNA
http://dati.camera.it/ocd/persona.rdf/p305692,GALGANO,ADRIANA EDEN SUSANNA
http://dati.camera.it/ocd/persona.rdf/p305696,GALLINELLA,FILIPPO
http://dati.camera.it/ocd/persona.rdf/p305696,GALLINELLA,FILIPPO
http://dati.camera.it/ocd/persona.rdf/p305704,ASCANI,ANNA
http://dati.camera.it/ocd/persona.rdf/p305704,ASCANI,ANNA
http://dati.camera.it/ocd/persona.rdf/p305749,LATTUCA,ENZO
http://dati.camera.it/ocd/persona.rdf/p305749,LATTUCA,ENZO
http://dati.camera.it/ocd/persona.rdf/p305710,FABBRI,MARILENA
http://dati.camera.it/ocd/persona.rdf/p305710,FABBRI,MARILENA
http://dati.camera.it/ocd/persona.rdf/p305710,FABBRI,MARILENA
http://dati.camera.it/ocd/persona.rdf/p305534,COMINELLI,MIRIAM
http://dati.camera.it/ocd/persona.rdf/p305677,ZANIN,GIORGIO
http://dati.camera.it/ocd/persona.rdf/p305677,ZANIN,GIORGIO
http://dati.camera.it/ocd/persona.rdf/p305677,ZANIN,GIORGIO
http://dati.camera.it/ocd/persona.rdf/p305606,ROSTELLATO,GESSICA
http://dati.camera.it/ocd/persona.rdf/p305682,COPPOLA,PAOLO
http://dati.camera.it/ocd/persona.rdf/p305755,VEZZALI,MARIA VALENTINA
http://dati.camera.it/ocd/persona.rdf/p305561,SENALDI,ANGELO
http://dati.camera.it/ocd/persona.rdf/p305561,SENALDI,ANGELO
http://dati.camera.it/ocd/persona.rdf/p305660,MORETTO,SARA
http://dati.camera.it/ocd/persona.rdf/p305654,CASELLATO,FLORIANA
http://dati.camera.it/ocd/persona.rdf/p305654,CASELLATO,FLORIANA
http://dati.camera.it/ocd/persona.rdf/p305763,LODOLINI,EMANUELE
http://dati.camera.it/ocd/persona.rdf/p305763,LODOLINI,EMANUELE
http://dati.camera.it/ocd/persona.rdf/p305725,MELILLI,FABIO
http://dati.camera.it/ocd/persona.rdf/p305725,MELILLI,FABIO
http://dati.camera.it/ocd/persona.rdf/p305551,TENTORI,VERONICA
http://dati.camera.it/ocd/persona.rdf/p305670,DA VILLA,MARCO
http://dati.camera.it/ocd/persona.rdf/p305670,DA VILLA,MARCO
http://dati.camera.it/ocd/persona.rdf/p305666,ZANETTI,ENRICO
http://dati.camera.it/ocd/persona.rdf/p305666,ZANETTI,ENRICO
http://dati.camera.it/ocd/persona.rdf/p305776,CARRESCIA,PIERGIORGIO
http://dati.camera.it/ocd/persona.rdf/p305588,COSTANTINO,CELESTINA
http://dati.camera.it/ocd/persona.rdf/p305588,COSTANTINO,CELESTINA
http://dati.camera.it/ocd/persona.rdf/p305771,MANZI,IRENE
http://dati.camera.it/ocd/persona.rdf/p305770,BOCCADUTRI,SERGIO
http://dati.camera.it/ocd/persona.rdf/p305770,BOCCADUTRI,SERGIO
http://dati.camera.it/ocd/persona.rdf/p305535,CHIMIENTI,SILVIA
http://dati.camera.it/ocd/persona.rdf/p305808,TIDEI,MARIETTA
http://dati.camera.it/ocd/persona.rdf/p305808,TIDEI,MARIETTA
http://dati.camera.it/ocd/persona.rdf/p305808,TIDEI,MARIETTA
http://dati.camera.it/ocd/persona.rdf/p305791,DI BATTISTA,ALESSANDRO
http://dati.camera.it/ocd/persona.rdf/p305792,TERZONI,PATRIZIA
http://dati.camera.it/ocd/persona.rdf/p305802,MARAZZITI,MARIO
http://dati.camera.it/ocd/persona.rdf/p305802,MARAZZITI,MARIO
http://dati.camera.it/ocd/persona.rdf/p305800,BARONI,MASSIMO ENRICO
http://dati.camera.it/ocd/persona.rdf/p305806,FASSINA,STEFANO
http://dati.camera.it/ocd/persona.rdf/p305782,AGOSTINELLI,DONATELLA
http://dati.camera.it/ocd/persona.rdf/p305787,CECCONI,ANDREA
http://dati.camera.it/ocd/persona.rdf/p305788,LOMBARDI,ROBERTA
http://dati.camera.it/ocd/persona.rdf/p305796,RUOCCO,CARLA
http://dati.camera.it/ocd/persona.rdf/p305796,RUOCCO,CARLA
http://dati.camera.it/ocd/persona.rdf/p305794,ZACCAGNINI,ADRIANO
http://dati.camera.it/ocd/persona.rdf/p305834,PIEPOLI,GAETANO
http://dati.camera.it/ocd/persona.rdf/p305834,PIEPOLI,GAETANO
http://dati.camera.it/ocd/persona.rdf/p305834,PIEPOLI,GAETANO
http://dati.camera.it/ocd/persona.rdf/p305834,PIEPOLI,GAETANO
http://dati.camera.it/ocd/persona.rdf/p305798,VIGNAROLI,STEFANO
http://dati.camera.it/ocd/persona.rdf/p305825,PETITTI,EMMA
http://dati.camera.it/ocd/persona.rdf/p305780,MORANI,ALESSIA
http://dati.camera.it/ocd/persona.rdf/p305815,ORFINI,MATTEO
http://dati.camera.it/ocd/persona.rdf/p305815,ORFINI,MATTEO
http://dati.camera.it/ocd/persona.rdf/p305813,MARRONI,UMBERTO
http://dati.camera.it/ocd/persona.rdf/p305813,MARRONI,UMBERTO
http://dati.camera.it/ocd/persona.rdf/p305819,BONACCORSI,LORENZA
http://dati.camera.it/ocd/persona.rdf/p305819,BONACCORSI,LORENZA
http://dati.camera.it/ocd/persona.rdf/p305778,PETRINI,PAOLO
http://dati.camera.it/ocd/persona.rdf/p305810,CAMPANA,MICAELA
http://dati.camera.it/ocd/persona.rdf/p305810,CAMPANA,MICAELA
http://dati.camera.it/ocd/persona.rdf/p305804,ROSSI,DOMENICO
http://dati.camera.it/ocd/persona.rdf/p305804,ROSSI,DOMENICO
http://dati.camera.it/ocd/persona.rdf/p305784,GRANDE,MARTA
http://dati.camera.it/ocd/persona.rdf/p305837,EPIFANI,ETTORE GUGLIELMO
http://dati.camera.it/ocd/persona.rdf/p305837,EPIFANI,ETTORE GUGLIELMO
http://dati.camera.it/ocd/persona.rdf/p305830,MATARRESE,SALVATORE
http://dati.camera.it/ocd/persona.rdf/p305827,KYENGE,KASHETU
http://dati.camera.it/ocd/persona.rdf/p305821,GREGORI,MONICA
http://dati.camera.it/ocd/persona.rdf/p305817,MICCOLI,MARCO
http://dati.camera.it/ocd/persona.rdf/p305914,PINI,GIUDITTA
http://dati.camera.it/ocd/persona.rdf/p305914,PINI,GIUDITTA
http://dati.camera.it/ocd/persona.rdf/p305888,ARLOTTI,TIZIANO
http://dati.camera.it/ocd/persona.rdf/p305993,CULOTTA,MAGDA
http://dati.camera.it/ocd/persona.rdf/p305993,CULOTTA,MAGDA
http://dati.camera.it/ocd/persona.rdf/p305995,TARANTO,LUIGI
http://dati.camera.it/ocd/persona.rdf/p305995,TARANTO,LUIGI
http://dati.camera.it/ocd/persona.rdf/p305848,DE LORENZIS,DIEGO
http://dati.camera.it/ocd/persona.rdf/p305913,GIORDANO,SILVIA
http://dati.camera.it/ocd/persona.rdf/p305913,GIORDANO,SILVIA
http://dati.camera.it/ocd/persona.rdf/p306030,ROMANO,PAOLO NICOLO'
http://dati.camera.it/ocd/persona.rdf/p305880,FRATOIANNI,NICOLA
http://dati.camera.it/ocd/persona.rdf/p306071,GRILLO,GIULIA
http://dati.camera.it/ocd/persona.rdf/p306071,GRILLO,GIULIA
http://dati.camera.it/ocd/persona.rdf/p306071,GRILLO,GIULIA
http://dati.camera.it/ocd/persona.rdf/p306074,CURRO',TOMMASO
http://dati.camera.it/ocd/persona.rdf/p305959,PALESE,ROCCO
http://dati.camera.it/ocd/persona.rdf/p305959,PALESE,ROCCO
http://dati.camera.it/ocd/persona.rdf/p305997,PICCOLI NARDELLI,FLAVIA
http://dati.camera.it/ocd/persona.rdf/p306075,AMATO,MARIA
http://dati.camera.it/ocd/persona.rdf/p306075,AMATO,MARIA
http://dati.camera.it/ocd/persona.rdf/p306076,PIRAS,MICHELE
http://dati.camera.it/ocd/persona.rdf/p306076,PIRAS,MICHELE
http://dati.camera.it/ocd/persona.rdf/p306076,PIRAS,MICHELE
http://dati.camera.it/ocd/persona.rdf/p305886,CIMMINO,LUCIANO
http://dati.camera.it/ocd/persona.rdf/p305999,BORGHI,ENRICO
http://dati.camera.it/ocd/persona.rdf/p305956,RAGOSTA,MICHELE
http://dati.camera.it/ocd/persona.rdf/p305917,BOLOGNESI,PAOLO
http://dati.camera.it/ocd/persona.rdf/p305954,CAPOZZOLO,SABRINA
http://dati.camera.it/ocd/persona.rdf/p306079,GUTGELD,ITZHAK YORAM
http://dati.camera.it/ocd/persona.rdf/p306079,GUTGELD,ITZHAK YORAM
http://dati.camera.it/ocd/persona.rdf/p305952,IORI,VANNA
http://dati.camera.it/ocd/persona.rdf/p305952,IORI,VANNA
http://dati.camera.it/ocd/persona.rdf/p305951,FAMIGLIETTI,LUIGI
http://dati.camera.it/ocd/persona.rdf/p305951,FAMIGLIETTI,LUIGI
http://dati.camera.it/ocd/persona.rdf/p305890,FICO,ROBERTO
http://dati.camera.it/ocd/persona.rdf/p305890,FICO,ROBERTO
http://dati.camera.it/ocd/persona.rdf/p306031,CORDA,EMANUELA
http://dati.camera.it/ocd/persona.rdf/p305842,L'ABBATE,GIUSEPPE
http://dati.camera.it/ocd/persona.rdf/p305840,AGOSTINI,ROBERTA
http://dati.camera.it/ocd/persona.rdf/p306037,PINNA,PAOLA
http://dati.camera.it/ocd/persona.rdf/p306038,NUTI,RICCARDO
http://dati.camera.it/ocd/persona.rdf/p306038,NUTI,RICCARDO
http://dati.camera.it/ocd/persona.rdf/p306038,NUTI,RICCARDO
http://dati.camera.it/ocd/persona.rdf/p305844,TARTAGLIONE,ASSUNTA
http://dati.camera.it/ocd/persona.rdf/p305844,TARTAGLIONE,ASSUNTA
http://dati.camera.it/ocd/persona.rdf/p305900,GALLO,LUIGI
http://dati.camera.it/ocd/persona.rdf/p305878,PICCOLO,GIORGIO
http://dati.camera.it/ocd/persona.rdf/p305902,BRAY,MASSIMO
http://dati.camera.it/ocd/persona.rdf/p305838,D'AMBROSIO,GIUSEPPE
http://dati.camera.it/ocd/persona.rdf/p305838,D'AMBROSIO,GIUSEPPE
http://dati.camera.it/ocd/persona.rdf/p306060,COLLETTI,ANDREA
http://dati.camera.it/ocd/persona.rdf/p305908,DECARO,ANTONIO
http://dati.camera.it/ocd/persona.rdf/p305948,BARUFFI,DAVIDE
http://dati.camera.it/ocd/persona.rdf/p305948,BARUFFI,DAVIDE
http://dati.camera.it/ocd/persona.rdf/p306062,DEL GROSSO,DANIELE
http://dati.camera.it/ocd/persona.rdf/p306062,DEL GROSSO,DANIELE
http://dati.camera.it/ocd/persona.rdf/p305874,PAOLUCCI,MASSIMO
http://dati.camera.it/ocd/persona.rdf/p305986,MOLEA,BRUNO
http://dati.camera.it/ocd/persona.rdf/p305986,MOLEA,BRUNO
http://dati.camera.it/ocd/persona.rdf/p305986,MOLEA,BRUNO
http://dati.camera.it/ocd/persona.rdf/p306066,CAPELLI,ROBERTO
http://dati.camera.it/ocd/persona.rdf/p305872,LABRIOLA,VINCENZA
http://dati.camera.it/ocd/persona.rdf/p305871,PALMA,GIOVANNA
http://dati.camera.it/ocd/persona.rdf/p305984,TINAGLI,IRENE
http://dati.camera.it/ocd/persona.rdf/p305984,TINAGLI,IRENE
http://dati.camera.it/ocd/persona.rdf/p305946,ANZALDI,MICHELE
http://dati.camera.it/ocd/persona.rdf/p305946,ANZALDI,MICHELE
http://dati.camera.it/ocd/persona.rdf/p305941,PARIS,VALENTINA
http://dati.camera.it/ocd/persona.rdf/p306068,CASTRICONE,ANTONIO
http://dati.camera.it/ocd/persona.rdf/p305943,VALIANTE,SIMONE
http://dati.camera.it/ocd/persona.rdf/p305943,VALIANTE,SIMONE
http://dati.camera.it/ocd/persona.rdf/p306022,CRIPPA,DAVIDE
http://dati.camera.it/ocd/persona.rdf/p306022,CRIPPA,DAVIDE
http://dati.camera.it/ocd/persona.rdf/p306020,DADONE,FABIANA
http://dati.camera.it/ocd/persona.rdf/p306020,DADONE,FABIANA
http://dati.camera.it/ocd/persona.rdf/p306020,DADONE,FABIANA
http://dati.camera.it/ocd/persona.rdf/p306026,BUSTO,MIRKO
http://dati.camera.it/ocd/persona.rdf/p305935,MARIANO,ELISA
http://dati.camera.it/ocd/persona.rdf/p305935,MARIANO,ELISA
http://dati.camera.it/ocd/persona.rdf/p305864,IMPEGNO,LEONARDO
http://dati.camera.it/ocd/persona.rdf/p305864,IMPEGNO,LEONARDO
http://dati.camera.it/ocd/persona.rdf/p305864,IMPEGNO,LEONARDO
http://dati.camera.it/ocd/persona.rdf/p305866,PAGANI,ALBERTO
http://dati.camera.it/ocd/persona.rdf/p305936,GANDOLFI,PAOLO
http://dati.camera.it/ocd/persona.rdf/p305860,MONTRONI,DANIELE
http://dati.camera.it/ocd/persona.rdf/p306053,MURA,ROMINA
http://dati.camera.it/ocd/persona.rdf/p305974,SPERANZA,ROBERTO
http://dati.camera.it/ocd/persona.rdf/p305974,SPERANZA,ROBERTO
http://dati.camera.it/ocd/persona.rdf/p305974,SPERANZA,ROBERTO
http://dati.camera.it/ocd/persona.rdf/p305972,FERRARESI,VITTORIO
http://dati.camera.it/ocd/persona.rdf/p305978,FOLINO,VINCENZO
http://dati.camera.it/ocd/persona.rdf/p306056,SANNA,GIOVANNA
http://dati.camera.it/ocd/persona.rdf/p306017,RABINO,MARIANO
http://dati.camera.it/ocd/persona.rdf/p306017,RABINO,MARIANO
http://dati.camera.it/ocd/persona.rdf/p306017,RABINO,MARIANO
http://dati.camera.it/ocd/persona.rdf/p306017,RABINO,MARIANO
http://dati.camera.it/ocd/persona.rdf/p306058,VACCA,GIANLUCA
http://dati.camera.it/ocd/persona.rdf/p306018,MARGUERETTAZ,RUDI FRANCO
http://dati.camera.it/ocd/persona.rdf/p305977,BERNINI,PAOLO
http://dati.camera.it/ocd/persona.rdf/p306092,ARTINI,MASSIMO
http://dati.camera.it/ocd/persona.rdf/p306091,VILLAROSA,ALESSIO MATTIA
http://dati.camera.it/ocd/persona.rdf/p306013,MOSCATT,ANTONINO
http://dati.camera.it/ocd/persona.rdf/p306013,MOSCATT,ANTONINO
http://dati.camera.it/ocd/persona.rdf/p306013,MOSCATT,ANTONINO
http://dati.camera.it/ocd/persona.rdf/p306013,MOSCATT,ANTONINO
http://dati.camera.it/ocd/persona.rdf/p305931,AMENDOLA,VINCENZO
http://dati.camera.it/ocd/persona.rdf/p305931,AMENDOLA,VINCENZO
http://dati.camera.it/ocd/persona.rdf/p305921,PISANO,GIROLAMO
http://dati.camera.it/ocd/persona.rdf/p305898,COLONNESE,VEGA
http://dati.camera.it/ocd/persona.rdf/p305856,FURNARI,ALESSANDRO
http://dati.camera.it/ocd/persona.rdf/p305924,PELILLO,MICHELE
http://dati.camera.it/ocd/persona.rdf/p305924,PELILLO,MICHELE
http://dati.camera.it/ocd/persona.rdf/p305852,BRESCIA,GIUSEPPE
http://dati.camera.it/ocd/persona.rdf/p305927,D'AGOSTINO,ANGELO ANTONIO
http://dati.camera.it/ocd/persona.rdf/p306041,BIANCHI,NICOLA
http://dati.camera.it/ocd/persona.rdf/p306042,DI VITA,GIULIA
http://dati.camera.it/ocd/persona.rdf/p305929,CAPONE,SALVATORE
http://dati.camera.it/ocd/persona.rdf/p305968,MARTI,ROBERTO
http://dati.camera.it/ocd/persona.rdf/p306009,PICCIONE,TERESA
http://dati.camera.it/ocd/persona.rdf/p306009,PICCIONE,TERESA
http://dati.camera.it/ocd/persona.rdf/p306009,PICCIONE,TERESA
http://dati.camera.it/ocd/persona.rdf/p305960,SARTI,GIULIA
http://dati.camera.it/ocd/persona.rdf/p305960,SARTI,GIULIA
http://dati.camera.it/ocd/persona.rdf/p305960,SARTI,GIULIA
http://dati.camera.it/ocd/persona.rdf/p305960,SARTI,GIULIA
http://dati.camera.it/ocd/persona.rdf/p306087,BONAFEDE,ALFONSO
http://dati.camera.it/ocd/persona.rdf/p306087,BONAFEDE,ALFONSO
http://dati.camera.it/ocd/persona.rdf/p305962,MUCCI,MARA
http://dati.camera.it/ocd/persona.rdf/p305962,MUCCI,MARA
http://dati.camera.it/ocd/persona.rdf/p305962,MUCCI,MARA
http://dati.camera.it/ocd/persona.rdf/p305962,MUCCI,MARA
http://dati.camera.it/ocd/persona.rdf/p306048,LUPO,LOREDANA
http://dati.camera.it/ocd/persona.rdf/p306048,LUPO,LOREDANA
http://dati.camera.it/ocd/persona.rdf/p306046,CANI,EMANUELE
http://dati.camera.it/ocd/persona.rdf/p305964,CHIARELLI,GIANFRANCO GIOVANNI
http://dati.camera.it/ocd/persona.rdf/p305964,CHIARELLI,GIANFRANCO GIOVANNI
http://dati.camera.it/ocd/persona.rdf/p305964,CHIARELLI,GIANFRANCO GIOVANNI
http://dati.camera.it/ocd/persona.rdf/p305964,CHIARELLI,GIANFRANCO GIOVANNI
http://dati.camera.it/ocd/persona.rdf/p306045,DI BENEDETTO,CHIARA
http://dati.camera.it/ocd/persona.rdf/p306082,LOREFICE,MARIALUCIA
http://dati.camera.it/ocd/persona.rdf/p306003,BONIFAZI,FRANCESCO
http://dati.camera.it/ocd/persona.rdf/p306003,BONIFAZI,FRANCESCO
http://dati.camera.it/ocd/persona.rdf/p306003,BONIFAZI,FRANCESCO
http://dati.camera.it/ocd/persona.rdf/p305967,DALL'OSSO,MATTEO
http://dati.camera.it/ocd/persona.rdf/p306001,BARGERO,CRISTINA
http://dati.camera.it/ocd/persona.rdf/p306080,MARZANA,MARIA
http://dati.camera.it/ocd/persona.rdf/p305859,ROSTAN,MICHELA
http://dati.camera.it/ocd/persona.rdf/p305859,ROSTAN,MICHELA
http://dati.camera.it/ocd/persona.rdf/p305859,ROSTAN,MICHELA
http://dati.camera.it/ocd/persona.rdf/p305850,DI MAIO,MARCO
http://dati.camera.it/ocd/persona.rdf/p305850,DI MAIO,MARCO
http://dati.camera.it/ocd/persona.rdf/p305887,MATARRELLI,ANTONIO
http://dati.camera.it/ocd/persona.rdf/p305849,VALENTE,VALERIA
http://dati.camera.it/ocd/persona.rdf/p305849,VALENTE,VALERIA
http://dati.camera.it/ocd/persona.rdf/p305849,VALENTE,VALERIA
http://dati.camera.it/ocd/persona.rdf/p305910,TOFALO,ANGELO
http://dati.camera.it/ocd/persona.rdf/p305910,TOFALO,ANGELO
http://dati.camera.it/ocd/persona.rdf/p305991,TARICCO,GIACOMINO
http://dati.camera.it/ocd/persona.rdf/p305991,TARICCO,GIACOMINO
http://dati.camera.it/ocd/persona.rdf/p305918,SIBILIA,CARLO
http://dati.camera.it/ocd/persona.rdf/p305883,PANNARALE,ANNA LUCIA LISA
http://dati.camera.it/ocd/persona.rdf/p305883,PANNARALE,ANNA LUCIA LISA
http://dati.camera.it/ocd/persona.rdf/p305883,PANNARALE,ANNA LUCIA LISA
http://dati.camera.it/ocd/persona.rdf/p305883,PANNARALE,ANNA LUCIA LISA
http://dati.camera.it/ocd/persona.rdf/p306033,GALLO AFFLITTO,RICCARDO ANTONIO
http://dati.camera.it/ocd/persona.rdf/p306033,GALLO AFFLITTO,RICCARDO ANTONIO
http://dati.camera.it/ocd/persona.rdf/p306034,VALLASCAS,ANDREA
http://dati.camera.it/ocd/persona.rdf/p305982,LIUZZI,MIRELLA
http://dati.camera.it/ocd/persona.rdf/p305982,LIUZZI,MIRELLA
http://dati.camera.it/ocd/persona.rdf/p305876,MANFREDI,MASSIMILIANO
http://dati.camera.it/ocd/persona.rdf/p305876,MANFREDI,MASSIMILIANO
http://dati.camera.it/ocd/persona.rdf/p305980,DELL'ORCO,MICHELE
http://dati.camera.it/ocd/persona.rdf/p305980,DELL'ORCO,MICHELE
http://dati.camera.it/ocd/persona.rdf/p305989,SCHIRO',GEA
http://dati.camera.it/ocd/persona.rdf/p305989,SCHIRO',GEA
http://dati.camera.it/ocd/persona.rdf/p305989,SCHIRO',GEA
http://dati.camera.it/ocd/persona.rdf/p305945,RUGHETTI,ANGELO
http://dati.camera.it/ocd/persona.rdf/p305904,VENTRICELLI,CECILIA
http://dati.camera.it/ocd/persona.rdf/p305904,VENTRICELLI,CECILIA
http://dati.camera.it/ocd/persona.rdf/p305904,VENTRICELLI,CECILIA
http://dati.camera.it/ocd/persona.rdf/p305906,ATTAGUILE,ANGELO GIOACHINO GAETANO
http://dati.camera.it/ocd/persona.rdf/p305906,ATTAGUILE,ANGELO GIOACHINO GAETANO
http://dati.camera.it/ocd/persona.rdf/p305906,ATTAGUILE,ANGELO GIOACHINO GAETANO
http://dati.camera.it/ocd/persona.rdf/p306064,SOTTANELLI,GIULIO CESARE
http://dati.camera.it/ocd/persona.rdf/p306025,VARGIU,PIERPAOLO
http://dati.camera.it/ocd/persona.rdf/p306025,VARGIU,PIERPAOLO
http://dati.camera.it/ocd/persona.rdf/p305868,CARIELLO,FRANCESCO
http://dati.camera.it/ocd/persona.rdf/p305868,CARIELLO,FRANCESCO
http://dati.camera.it/ocd/persona.rdf/p305933,SCALFAROTTO,IVAN
http://dati.camera.it/ocd/persona.rdf/p305939,COCCIA,LAURA
http://dati.camera.it/ocd/persona.rdf/p305862,SCAGLIUSI,EMANUELE
http://dati.camera.it/ocd/persona.rdf/p305862,SCAGLIUSI,EMANUELE
http://dati.camera.it/ocd/persona.rdf/p306054,MANNINO,CLAUDIA
http://dati.camera.it/ocd/persona.rdf/p306054,MANNINO,CLAUDIA
http://dati.camera.it/ocd/persona.rdf/p306054,MANNINO,CLAUDIA
http://dati.camera.it/ocd/persona.rdf/p306050,CANCELLERI,AZZURRA PIA MARIA
http://dati.camera.it/ocd/persona.rdf/p306050,CANCELLERI,AZZURRA PIA MARIA
http://dati.camera.it/ocd/persona.rdf/p306094,BALDASSARRE,MARCO
http://dati.camera.it/ocd/persona.rdf/p306094,BALDASSARRE,MARCO
http://dati.camera.it/ocd/persona.rdf/p305970,SPADONI,MARIA EDERA
http://dati.camera.it/ocd/persona.rdf/p305970,SPADONI,MARIA EDERA
http://dati.camera.it/ocd/persona.rdf/p305896,CASSANO,FRANCESCO
http://dati.camera.it/ocd/persona.rdf/p305854,DI LELLO,MARCO
http://dati.camera.it/ocd/persona.rdf/p305854,DI LELLO,MARCO
http://dati.camera.it/ocd/persona.rdf/p305854,DI LELLO,MARCO
http://dati.camera.it/ocd/persona.rdf/p305854,DI LELLO,MARCO
http://dati.camera.it/ocd/persona.rdf/p305925,CESARO,ANTIMO
http://dati.camera.it/ocd/persona.rdf/p305925,CESARO,ANTIMO
http://dati.camera.it/ocd/persona.rdf/p305925,CESARO,ANTIMO
http://dati.camera.it/ocd/persona.rdf/p305925,CESARO,ANTIMO
http://dati.camera.it/ocd/persona.rdf/p305894,MICILLO,SALVATORE
http://dati.camera.it/ocd/persona.rdf/p306088,RIZZO,GIANLUCA
http://dati.camera.it/ocd/persona.rdf/p306008,GRIBAUDO,CHIARA
http://dati.camera.it/ocd/persona.rdf/p306005,FARAONE,DAVIDE
http://dati.camera.it/ocd/persona.rdf/p306005,FARAONE,DAVIDE
http://dati.camera.it/ocd/persona.rdf/p306011,RIBAUDO,FRANCESCO
http://dati.camera.it/ocd/persona.rdf/p306011,RIBAUDO,FRANCESCO
http://dati.camera.it/ocd/persona.rdf/p305892,DI MAIO,LUIGI
http://dati.camera.it/ocd/persona.rdf/p305892,DI MAIO,LUIGI
http://dati.camera.it/ocd/persona.rdf/p305892,DI MAIO,LUIGI
http://dati.camera.it/ocd/persona.rdf/p306085,D'UVA,FRANCESCO
http://dati.camera.it/ocd/persona.rdf/p306085,D'UVA,FRANCESCO
http://dati.camera.it/ocd/persona.rdf/p306145,MAGORNO,ERNESTO
http://dati.camera.it/ocd/persona.rdf/p306145,MAGORNO,ERNESTO
http://dati.camera.it/ocd/persona.rdf/p306110,CARROZZA,MARIA CHIARA
http://dati.camera.it/ocd/persona.rdf/p306140,ROCCHI,MARIA GRAZIA
http://dati.camera.it/ocd/persona.rdf/p306142,BATTAGLIA,DEMETRIO
http://dati.camera.it/ocd/persona.rdf/p306117,GULLO,MARIA TINDARA
http://dati.camera.it/ocd/persona.rdf/p306117,GULLO,MARIA TINDARA
http://dati.camera.it/ocd/persona.rdf/p306298,PLACIDO,ANTONIO
http://dati.camera.it/ocd/persona.rdf/p306119,MANCIULLI,ANDREA
http://dati.camera.it/ocd/persona.rdf/p306119,MANCIULLI,ANDREA
http://dati.camera.it/ocd/persona.rdf/p306119,MANCIULLI,ANDREA
http://dati.camera.it/ocd/persona.rdf/p306582,GUIDESI,GUIDO
http://dati.camera.it/ocd/persona.rdf/p306582,GUIDESI,GUIDO
http://dati.camera.it/ocd/persona.rdf/p306189,QUARTAPELLE PROCOPIO,LIA
http://dati.camera.it/ocd/persona.rdf/p306189,QUARTAPELLE PROCOPIO,LIA
http://dati.camera.it/ocd/persona.rdf/p306112,ALBANELLA,LUISELLA
http://dati.camera.it/ocd/persona.rdf/p306115,BARBANTI,SEBASTIANO
http://dati.camera.it/ocd/persona.rdf/p306222,CARINELLI,PAOLA
http://dati.camera.it/ocd/persona.rdf/p306222,CARINELLI,PAOLA
http://dati.camera.it/ocd/persona.rdf/p306222,CARINELLI,PAOLA
http://dati.camera.it/ocd/persona.rdf/p306292,CHAOUKI,KHALID
http://dati.camera.it/ocd/persona.rdf/p306292,CHAOUKI,KHALID
http://dati.camera.it/ocd/persona.rdf/p306292,CHAOUKI,KHALID
http://dati.camera.it/ocd/persona.rdf/p306292,CHAOUKI,KHALID
http://dati.camera.it/ocd/persona.rdf/p306290,PILOZZI,NAZZARENO
http://dati.camera.it/ocd/persona.rdf/p306294,GIORDANO,GIANCARLO
http://dati.camera.it/ocd/persona.rdf/p306226,CASO,VINCENZO
http://dati.camera.it/ocd/persona.rdf/p306226,CASO,VINCENZO
http://dati.camera.it/ocd/persona.rdf/p306226,CASO,VINCENZO
http://dati.camera.it/ocd/persona.rdf/p306109,NESCI,DALILA
http://dati.camera.it/ocd/persona.rdf/p306109,NESCI,DALILA
http://dati.camera.it/ocd/persona.rdf/p306109,NESCI,DALILA
http://dati.camera.it/ocd/persona.rdf/p306181,ROMANO,ANDREA
http://dati.camera.it/ocd/persona.rdf/p306181,ROMANO,ANDREA
http://dati.camera.it/ocd/persona.rdf/p306183,NESI,EDOARDO
http://dati.camera.it/ocd/persona.rdf/p306220,LIBRANDI,GIANFRANCO
http://dati.camera.it/ocd/persona.rdf/p306134,BRUNO BOSSIO,VINCENZA
http://dati.camera.it/ocd/persona.rdf/p306134,BRUNO BOSSIO,VINCENZA
http://dati.camera.it/ocd/persona.rdf/p306122,SIMONI,ELISA
http://dati.camera.it/ocd/persona.rdf/p306122,SIMONI,ELISA
http://dati.camera.it/ocd/persona.rdf/p306122,SIMONI,ELISA
http://dati.camera.it/ocd/persona.rdf/p306135,VECCHIO,ANDREA
http://dati.camera.it/ocd/persona.rdf/p306135,VECCHIO,ANDREA
http://dati.camera.it/ocd/persona.rdf/p306120,DIENI,FEDERICA
http://dati.camera.it/ocd/persona.rdf/p306120,DIENI,FEDERICA
http://dati.camera.it/ocd/persona.rdf/p306521,ZARATTI,FILIBERTO
http://dati.camera.it/ocd/persona.rdf/p306131,D'ATTORRE,ALFREDO
http://dati.camera.it/ocd/persona.rdf/p306131,D'ATTORRE,ALFREDO
http://dati.camera.it/ocd/persona.rdf/p306523,SANNICANDRO,ARCANGELO
http://dati.camera.it/ocd/persona.rdf/p306523,SANNICANDRO,ARCANGELO
http://dati.camera.it/ocd/persona.rdf/p306288,PIAZZONI,ILEANA CATHIA
http://dati.camera.it/ocd/persona.rdf/p306300,AIELLO,FERDINANDO
http://dati.camera.it/ocd/persona.rdf/p306300,AIELLO,FERDINANDO
http://dati.camera.it/ocd/persona.rdf/p306286,FERRO,ANDREA
http://dati.camera.it/ocd/persona.rdf/p306286,FERRO,ANDREA
http://dati.camera.it/ocd/persona.rdf/p306139,STUMPO,NICOLA
http://dati.camera.it/ocd/persona.rdf/p306139,STUMPO,NICOLA
http://dati.camera.it/ocd/persona.rdf/p306139,STUMPO,NICOLA
http://dati.camera.it/ocd/persona.rdf/p306126,DONATI,MARCO
http://dati.camera.it/ocd/persona.rdf/p306126,DONATI,MARCO
http://dati.camera.it/ocd/persona.rdf/p306176,MAURI,MATTEO
http://dati.camera.it/ocd/persona.rdf/p306124,PARENTELA,PAOLO
http://dati.camera.it/ocd/persona.rdf/p306175,GELLI,FEDERICO
http://dati.camera.it/ocd/persona.rdf/p306175,GELLI,FEDERICO
http://dati.camera.it/ocd/persona.rdf/p306284,RICCIATTI,LARA
http://dati.camera.it/ocd/persona.rdf/p306284,RICCIATTI,LARA
http://dati.camera.it/ocd/persona.rdf/p306170,BENI,PAOLO
http://dati.camera.it/ocd/persona.rdf/p306282,PAGLIA,GIOVANNI
http://dati.camera.it/ocd/persona.rdf/p306282,PAGLIA,GIOVANNI
http://dati.camera.it/ocd/persona.rdf/p306280,QUARANTA,STEFANO
http://dati.camera.it/ocd/persona.rdf/p306232,PESCO,DANIELE
http://dati.camera.it/ocd/persona.rdf/p306232,PESCO,DANIELE
http://dati.camera.it/ocd/persona.rdf/p306230,TRIPIEDI,DAVIDE
http://dati.camera.it/ocd/persona.rdf/p306164,DALLAI,LUIGI
http://dati.camera.it/ocd/persona.rdf/p306167,GALLI,GIAMPAOLO
http://dati.camera.it/ocd/persona.rdf/p306168,ERMINI,DAVID
http://dati.camera.it/ocd/persona.rdf/p306168,ERMINI,DAVID
http://dati.camera.it/ocd/persona.rdf/p306168,ERMINI,DAVID
http://dati.camera.it/ocd/persona.rdf/p306168,ERMINI,DAVID
http://dati.camera.it/ocd/persona.rdf/p306168,ERMINI,DAVID
http://dati.camera.it/ocd/persona.rdf/p306302,IACONO,MARIA
http://dati.camera.it/ocd/persona.rdf/p306278,PELLEGRINO,SERENA
http://dati.camera.it/ocd/persona.rdf/p306304,PALAZZOTTO,ERASMO
http://dati.camera.it/ocd/persona.rdf/p306306,BOSCO,ANTONINO
http://dati.camera.it/ocd/persona.rdf/p306306,BOSCO,ANTONINO
http://dati.camera.it/ocd/persona.rdf/p306274,MARCON,GIULIO
http://dati.camera.it/ocd/persona.rdf/p306276,CAUSIN,ANDREA
http://dati.camera.it/ocd/persona.rdf/p306276,CAUSIN,ANDREA
http://dati.camera.it/ocd/persona.rdf/p306308,AMODDIO,SOFIA
http://dati.camera.it/ocd/persona.rdf/p306308,AMODDIO,SOFIA
http://dati.camera.it/ocd/persona.rdf/p306308,AMODDIO,SOFIA
http://dati.camera.it/ocd/persona.rdf/p306308,AMODDIO,SOFIA
http://dati.camera.it/ocd/persona.rdf/p306270,KRONBICHLER,FLORIAN
http://dati.camera.it/ocd/persona.rdf/p306270,KRONBICHLER,FLORIAN
http://dati.camera.it/ocd/persona.rdf/p306249,BORGHESE,MARIO
http://dati.camera.it/ocd/persona.rdf/p306249,BORGHESE,MARIO
http://dati.camera.it/ocd/persona.rdf/p306272,ZAN,ALESSANDRO
http://dati.camera.it/ocd/persona.rdf/p306099,LAURICELLA,GIUSEPPE
http://dati.camera.it/ocd/persona.rdf/p306099,LAURICELLA,GIUSEPPE
http://dati.camera.it/ocd/persona.rdf/p306099,LAURICELLA,GIUSEPPE
http://dati.camera.it/ocd/persona.rdf/p306099,LAURICELLA,GIUSEPPE
http://dati.camera.it/ocd/persona.rdf/p306310,MAIETTA,PASQUALE
http://dati.camera.it/ocd/persona.rdf/p306245,TACCONI,ALESSIO
http://dati.camera.it/ocd/persona.rdf/p306202,CASATI,EZIO PRIMO
http://dati.camera.it/ocd/persona.rdf/p306243,CARUSO,MARIO
http://dati.camera.it/ocd/persona.rdf/p306243,CARUSO,MARIO
http://dati.camera.it/ocd/persona.rdf/p306243,CARUSO,MARIO
http://dati.camera.it/ocd/persona.rdf/p306162,FOSSATI,FILIPPO
http://dati.camera.it/ocd/persona.rdf/p306200,GIULIANI,FABRIZIA
http://dati.camera.it/ocd/persona.rdf/p306154,COVELLO,STEFANIA
http://dati.camera.it/ocd/persona.rdf/p306154,COVELLO,STEFANIA
http://dati.camera.it/ocd/persona.rdf/p306154,COVELLO,STEFANIA
http://dati.camera.it/ocd/persona.rdf/p306154,COVELLO,STEFANIA
http://dati.camera.it/ocd/persona.rdf/p306152,PARRINI,DARIO
http://dati.camera.it/ocd/persona.rdf/p306152,PARRINI,DARIO
http://dati.camera.it/ocd/persona.rdf/p306208,CARBONE,ERNESTO
http://dati.camera.it/ocd/persona.rdf/p306208,CARBONE,ERNESTO
http://dati.camera.it/ocd/persona.rdf/p306156,SCOPELLITI,ROSANNA
http://dati.camera.it/ocd/persona.rdf/p306156,SCOPELLITI,ROSANNA
http://dati.camera.it/ocd/persona.rdf/p306156,SCOPELLITI,ROSANNA
http://dati.camera.it/ocd/persona.rdf/p306206,GASPARINI,DANIELA MATILDE MARIA
http://dati.camera.it/ocd/persona.rdf/p306102,SEGONI,SAMUELE
http://dati.camera.it/ocd/persona.rdf/p306101,RACITI,FAUSTO
http://dati.camera.it/ocd/persona.rdf/p306266,LACQUANITI,LUIGI
http://dati.camera.it/ocd/persona.rdf/p306266,LACQUANITI,LUIGI
http://dati.camera.it/ocd/persona.rdf/p306264,ARCHI,BRUNO
http://dati.camera.it/ocd/persona.rdf/p306106,GRECO,MARIA GAETANA
http://dati.camera.it/ocd/persona.rdf/p306106,GRECO,MARIA GAETANA
http://dati.camera.it/ocd/persona.rdf/p306261,LAVAGNO,FABIO
http://dati.camera.it/ocd/persona.rdf/p306261,LAVAGNO,FABIO
http://dati.camera.it/ocd/persona.rdf/p306104,ZAPPULLA,GIUSEPPE
http://dati.camera.it/ocd/persona.rdf/p306194,LAFORGIA,FRANCESCO
http://dati.camera.it/ocd/persona.rdf/p306193,NARDI,MARTINA
http://dati.camera.it/ocd/persona.rdf/p306193,NARDI,MARTINA
http://dati.camera.it/ocd/persona.rdf/p306193,NARDI,MARTINA
http://dati.camera.it/ocd/persona.rdf/p306198,COVA,PAOLO
http://dati.camera.it/ocd/persona.rdf/p306196,CIMBRO,ELEONORA
http://dati.camera.it/ocd/persona.rdf/p306196,CIMBRO,ELEONORA
http://dati.camera.it/ocd/persona.rdf/p306214,SQUERI,LUCA
http://dati.camera.it/ocd/persona.rdf/p306150,BIFFONI,MATTEO
http://dati.camera.it/ocd/persona.rdf/p306212,MALPEZZI,SIMONA FLAVIA
http://dati.camera.it/ocd/persona.rdf/p306601,DI STEFANO,MARCO
http://dati.camera.it/ocd/persona.rdf/p306146,BINI,CATERINA
http://dati.camera.it/ocd/persona.rdf/p306218,DAMBRUOSO,STEFANO
http://dati.camera.it/ocd/persona.rdf/p306218,DAMBRUOSO,STEFANO
http://dati.camera.it/ocd/persona.rdf/p306218,DAMBRUOSO,STEFANO
http://dati.camera.it/ocd/persona.rdf/p306218,DAMBRUOSO,STEFANO
http://dati.camera.it/ocd/persona.rdf/p306218,DAMBRUOSO,STEFANO
http://dati.camera.it/ocd/persona.rdf/p306218,DAMBRUOSO,STEFANO
http://dati.camera.it/ocd/persona.rdf/p306218,DAMBRUOSO,STEFANO
http://dati.camera.it/ocd/persona.rdf/p306149,CENSORE,BRUNO
http://dati.camera.it/ocd/persona.rdf/p306149,CENSORE,BRUNO
http://dati.camera.it/ocd/persona.rdf/p306185,MARZANO,MARIA
http://dati.camera.it/ocd/persona.rdf/p306224,DE ROSA,MASSIMO FELICE
http://dati.camera.it/ocd/persona.rdf/p306187,CIVATI,GIUSEPPE
http://dati.camera.it/ocd/persona.rdf/p306296,DE MITA,GIUSEPPE
http://dati.camera.it/ocd/persona.rdf/p306296,DE MITA,GIUSEPPE
http://dati.camera.it/ocd/persona.rdf/p306296,DE MITA,GIUSEPPE
http://dati.camera.it/ocd/persona.rdf/p306228,DI STEFANO,MANLIO
http://dati.camera.it/ocd/persona.rdf/p306228,DI STEFANO,MANLIO
http://dati.camera.it/ocd/persona.rdf/p306128,LOTTI,LUCA
http://dati.camera.it/ocd/persona.rdf/p306172,FANUCCI,EDOARDO
http://dati.camera.it/ocd/persona.rdf/p306247,BUENO,RENATA
http://dati.camera.it/ocd/persona.rdf/p306247,BUENO,RENATA
http://dati.camera.it/ocd/persona.rdf/p306204,RAMPI,ROBERTO
http://dati.camera.it/ocd/persona.rdf/p306160,BOSCHI,MARIA ELENA
http://dati.camera.it/ocd/persona.rdf/p306158,CASTIGLIONE,GIUSEPPE
http://dati.camera.it/ocd/persona.rdf/p306268,BORDO,FRANCO
http://dati.camera.it/ocd/persona.rdf/p306268,BORDO,FRANCO
http://dati.camera.it/ocd/persona.rdf/p306216,BORLETTI DELL'ACQUA,ILARIA CARLA ANNA
http://dati.camera.it/ocd/persona.rdf/p306253,LA MARCA,FRANCESCA
http://dati.camera.it/ocd/persona.rdf/p306210,LOCATELLI,PIA ELDA
http://dati.camera.it/ocd/persona.rdf/p306251,NISSOLI,ANGELA ROSARIA
http://dati.camera.it/ocd/persona.rdf/p306096,GAGNARLI,CHIARA
http://dati.camera.it/ocd/persona.rdf/p34810,GUERRA,MAURO
http://dati.camera.it/ocd/persona.rdf/p34810,GUERRA,MAURO
http://dati.camera.it/ocd/persona.rdf/p33040,FAVA,GIOVANNI GIUSEPPE CLAUDIO
http://dati.camera.it/ocd/persona.rdf/p33040,FAVA,GIOVANNI GIUSEPPE CLAUDIO
http://dati.camera.it/ocd/persona.rdf/p33040,FAVA,GIOVANNI GIUSEPPE CLAUDIO
http://dati.camera.it/ocd/persona.rdf/p34580,TABACCI,BRUNO
http://dati.camera.it/ocd/persona.rdf/p34580,TABACCI,BRUNO
http://dati.camera.it/ocd/persona.rdf/p33410,LA RUSSA,IGNAZIO BENITO MARIA
http://dati.camera.it/ocd/persona.rdf/p33410,LA RUSSA,IGNAZIO BENITO MARIA
http://dati.camera.it/ocd/persona.rdf/p33410,LA RUSSA,IGNAZIO BENITO MARIA
http://dati.camera.it/ocd/persona.rdf/p34180,POLLASTRINI,BARBARA MARIA SIMONETTA
http://dati.camera.it/ocd/persona.rdf/p35030,AMICI,MARIA TERESA
http://dati.camera.it/ocd/persona.rdf/p32460,BOSSI,UMBERTO
http://dati.camera.it/ocd/persona.rdf/p34730,VITO,ELIO
http://dati.camera.it/ocd/persona.rdf/p34730,VITO,ELIO
http://dati.camera.it/ocd/persona.rdf/p34730,VITO,ELIO
http://dati.camera.it/ocd/persona.rdf/p34960,ADORNATO,FERDINANDO
http://dati.camera.it/ocd/persona.rdf/p34960,ADORNATO,FERDINANDO
http://dati.camera.it/ocd/persona.rdf/p34960,ADORNATO,FERDINANDO
http://dati.camera.it/ocd/persona.rdf/p32910,DEL BASSO DE CARO,UMBERTO
http://dati.camera.it/ocd/persona.rdf/p32910,DEL BASSO DE CARO,UMBERTO
http://dati.camera.it/ocd/persona.rdf/p33730,MELILLA,GENEROSO
http://dati.camera.it/ocd/persona.rdf/p33730,MELILLA,GENEROSO
http://dati.camera.it/ocd/persona.rdf/p38350,PRESTIGIACOMO,STEFANIA
http://dati.camera.it/ocd/persona.rdf/p37470,MARTINO,ANTONIO
http://dati.camera.it/ocd/persona.rdf/p37470,MARTINO,ANTONIO
http://dati.camera.it/ocd/persona.rdf/p38560,ROTONDI,GIANFRANCO
http://dati.camera.it/ocd/persona.rdf/p36660,GALAN,GIANCARLO
http://dati.camera.it/ocd/persona.rdf/p36660,GALAN,GIANCARLO
http://dati.camera.it/ocd/persona.rdf/p35640,BUTTIGLIONE,ROCCO
http://dati.camera.it/ocd/persona.rdf/p38700,SCANU,GIAN PIERO
http://dati.camera.it/ocd/persona.rdf/p38700,SCANU,GIAN PIERO
http://dati.camera.it/ocd/persona.rdf/p36130,CRIMI,ROCCO
http://dati.camera.it/ocd/persona.rdf/p35410,BINDI,ROSARIA
http://dati.camera.it/ocd/persona.rdf/p35410,BINDI,ROSARIA
http://dati.camera.it/ocd/persona.rdf/p35970,CICU,SALVATORE
http://dati.camera.it/ocd/persona.rdf/p35970,CICU,SALVATORE
http://dati.camera.it/ocd/persona.rdf/p35970,CICU,SALVATORE
http://dati.camera.it/ocd/persona.rdf/p50115,GIORGETTI,GIANCARLO
http://dati.camera.it/ocd/persona.rdf/p50115,GIORGETTI,GIANCARLO
http://dati.camera.it/ocd/persona.rdf/p50115,GIORGETTI,GIANCARLO
http://dati.camera.it/ocd/persona.rdf/p50115,GIORGETTI,GIANCARLO
http://dati.camera.it/ocd/persona.rdf/p50079,FIORONI,GIUSEPPE
http://dati.camera.it/ocd/persona.rdf/p50160,GIORGETTI,ALBERTO
http://dati.camera.it/ocd/persona.rdf/p50047,MONACO,FRANCESCO
http://dati.camera.it/ocd/persona.rdf/p50047,MONACO,FRANCESCO
http://dati.camera.it/ocd/persona.rdf/p50213,RUSSO,PAOLO
http://dati.camera.it/ocd/persona.rdf/p50213,RUSSO,PAOLO
http://dati.camera.it/ocd/persona.rdf/p50210,PICCOLO,SALVATORE
http://dati.camera.it/ocd/persona.rdf/p50138,CAPARINI,DAVIDE CARLO
http://dati.camera.it/ocd/persona.rdf/p50138,CAPARINI,DAVIDE CARLO
http://dati.camera.it/ocd/persona.rdf/p50138,CAPARINI,DAVIDE CARLO
http://dati.camera.it/ocd/persona.rdf/p50185,PISTELLI,LAPO
http://dati.camera.it/ocd/persona.rdf/p50437,BRESSA,GIANCLAUDIO
http://dati.camera.it/ocd/persona.rdf/p50447,LEONE,ANTONIO
http://dati.camera.it/ocd/persona.rdf/p50447,LEONE,ANTONIO
http://dati.camera.it/ocd/persona.rdf/p50447,LEONE,ANTONIO
http://dati.camera.it/ocd/persona.rdf/p50447,LEONE,ANTONIO
http://dati.camera.it/ocd/persona.rdf/p50447,LEONE,ANTONIO
http://dati.camera.it/ocd/persona.rdf/p50447,LEONE,ANTONIO
http://dati.camera.it/ocd/persona.rdf/p50447,LEONE,ANTONIO
http://dati.camera.it/ocd/persona.rdf/p50366,PALMIZIO,ELIO MASSIMO
http://dati.camera.it/ocd/persona.rdf/p50442,CESARO,LUIGI
http://dati.camera.it/ocd/persona.rdf/p50258,GALATI,GIUSEPPE
http://dati.camera.it/ocd/persona.rdf/p50258,GALATI,GIUSEPPE
http://dati.camera.it/ocd/persona.rdf/p50258,GALATI,GIUSEPPE
http://dati.camera.it/ocd/persona.rdf/p50258,GALATI,GIUSEPPE
http://dati.camera.it/ocd/persona.rdf/p304901,ALBINI,TEA
